years,jugador,edad,g,ab,X5,r,h,2b,3b,hr,rbi,sb,cs,bb,so,avg,obp,slg,ops,rc,tb,xb,hbp,sh,sf,refuerzo
2015-16,Y. Sánchez,23,5,23,21,5,9,1,0,3,10,1,0,1,4,429,435,905,1.34,8.3,19,4,0,0,1,NO
2014-15,Y. Sánchez,22,7,33,32,5,8,0,0,2,3,1,0,1,7,0.25,273,438,0.71,3.8,14,2,0,0,0,NO
2013-14,Y. Sánchez,21,11,53,47,11,9,4,0,0,6,1,0,4,5,191,264,277,541,3.4,13,4,1,0,1,NO
2015-16,Y. Daza,21,2,0,0,1,0,0,0,0,0,0,0,0,0,,,,,,0,0,0,0,0,NO
2016-17,Y. Daza,22,9,22,22,3,9,2,0,0,3,0,0,0,4,409,409,0.5,909,4.5,11,2,0,0,0,NO
2014-15,Y. Daza,20,7,29,24,2,4,2,0,0,1,0,0,1,7,167,231,0.25,481,1.4,6,2,1,3,0,NO
2009-10,W. Romero,35,14,59,49,10,13,0,0,2,7,4,2,10,7,265,0.39,388,778,7.4,19,2,0,0,0,NO
2008-09,W. Romero,34,17,80,72,10,24,5,1,0,9,3,0,6,8,333,385,431,815,11.9,31,6,0,2,0,NO
2000-01,W. Oropeza,25,1,,1,0,0,0,0,0,0,0,,,,0,,0,0,,0,0,,,,NO
1981-82,W. Krenchicki,27,2,,8,0,0,0,0,0,0,0,,,,0,,0,0,,0,0,,,,NO
1980-81,W. Krenchicki,26,6,,20,5,8,1,0,1,6,0,,,,0.4,,0.6,0,,12,2,,,,NO
1979-80,W. Krenchicki,25,7,,24,2,7,1,1,0,1,0,,,,292,,417,0,,10,2,,,,NO
2009-10,W. González,35,10,35,31,4,12,2,0,1,6,0,0,1,4,387,429,548,977,7.3,17,3,2,0,1,NO
2003-04,W. González,29,14,,49,7,17,4,0,3,8,0,,,,347,,612,0,,30,7,,,,NO
2014-15,W. Giménez,24,2,6,6,1,0,0,0,0,0,0,0,0,0,0,0,0,0,0,0,0,0,0,0,NO
2003-04,V. Valencia,26,3,,9,1,3,0,0,0,0,0,,,,333,,333,0,,3,0,,,,NO
2000-01,V. Valencia,23,12,,36,0,6,0,0,0,0,0,,,,167,,167,0,,6,0,,,,NO
2007-08,V. Hernández,22,1,4,4,0,1,0,0,0,0,0,0,0,1,0.25,0.25,0.25,0.5,0.3,1,0,0,0,0,NO
1969-70,V. Davalillo,33,4,,15,1,4,0,0,0,0,0,,,,267,,267,0,,4,0,,,,SI
1977-78,V. Colina,32,1,,1,0,0,0,0,0,0,0,,,,0,,0,0,,0,0,,,,NO
1980-81,V. Colina,35,1,,1,0,0,0,0,0,0,0,,,,0,,0,0,,0,0,,,,NO
1976-77,V. Colina,31,1,,3,1,0,0,0,0,0,0,,,,0,,0,0,,0,0,,,,NO
1979-80,V. Colina,34,2,,5,1,0,0,0,0,0,0,,,,0,,0,0,,0,0,,,,NO
2009-10,V. Castillo,25,1,1,1,0,0,0,0,0,0,0,0,0,1,0,0,0,0,0,0,0,0,0,0,NO
2003-04,T. Wilson,26,16,,57,9,12,2,0,2,8,0,,,,211,,351,0,,20,4,,,,NO
1989-90,T. Trafton,25,9,,30,2,8,0,0,2,6,0,,,,267,,467,0,,14,2,,,,NO
2000-01,T. Nunnari,25,16,,56,5,16,4,0,3,12,0,,,,286,,518,0,,29,7,,,,NO
1977-78,T. McMillan,26,6,,17,0,6,0,1,0,1,0,,,,353,,471,0,,8,1,,,,NO
1981-82,T. Harper,26,4,,12,2,3,0,0,0,0,0,,,,0.25,,0.25,0,,3,0,,,,NO
1966-67,T. Curry,29,6,,26,5,7,1,0,1,2,0,,,,269,,423,0,,11,2,,,,NO
1976-77,S. Patchin,0,4,,16,5,8,1,0,0,3,0,,,,0.5,,563,0,,9,1,,,,NO
1989-90,S. Little,26,1,,3,0,1,0,0,0,0,1,,,,333,,333,0,,1,0,,,,NO
1974-75,S. Jackson,0,1,,4,0,2,0,0,0,0,0,,,,0.5,,0.5,0,,2,0,,,,NO
1983-84,S. Barnes,26,6,,20,1,3,1,0,1,1,1,,,,0.15,,0.35,0,,7,2,,,,NO
1969-70,R. Webster,27,4,,15,3,4,0,1,1,4,0,,,,267,,0.6,0,,9,2,,,,NO
2015-16,R. Silva,26,3,3,3,0,0,0,0,0,0,0,0,0,2,0,0,0,0,0,0,0,0,0,0,SI
2008-09,R. Salazar,29,7,21,18,4,4,1,0,0,3,0,0,3,7,222,333,278,611,1.7,5,1,0,0,0,NO
2014-15,R. Reyes,36,16,62,51,10,18,5,0,1,6,0,1,10,6,353,452,0.51,961,11.8,26,6,0,0,1,NO
2013-14,R. Reyes,35,16,67,58,4,12,1,0,1,7,0,0,8,14,207,313,276,589,5,16,2,1,0,0,NO
1981-82,R. Pérez Tovar,23,1,,4,0,1,0,0,0,0,0,,,,0.25,,0.25,0,,1,0,,,,NO
1982-83,R. Pérez Tovar,24,3,,6,1,1,0,0,1,2,0,,,,167,,667,0,,4,1,,,,NO
1986-87,R. Pérez Tovar,28,5,,18,1,3,0,0,0,3,0,,,,167,,167,0,,3,0,,,,NO
1983-84,R. Pérez Tovar,25,6,,20,3,4,0,0,0,3,0,,,,0.2,,0.2,0,,4,0,,,,NO
1985-86,R. Pérez Tovar,27,6,,22,5,10,2,1,0,6,0,,,,455,,636,0,,14,3,,,,NO
1984-85,R. Pérez Tovar,26,6,,24,4,9,2,1,0,4,0,,,,375,,542,0,,13,3,,,,NO
1989-90,R. Pérez Tovar,31,12,,41,12,11,1,1,2,11,1,,,,268,,488,0,,20,4,,,,NO
1988-89,R. Pérez Tovar,30,12,,43,9,13,3,0,1,7,1,,,,302,,442,0,,19,4,,,,NO
1991-92,R. Pérez Tovar,33,11,,44,3,10,2,0,0,4,0,,,,227,,273,0,,12,2,,,,NO
2011-12,R. Pérez,22,1,1,1,0,1,0,0,0,0,0,0,0,0,1,1,1,2,1,1,0,0,0,0,NO
2007-08,R. Pérez,18,1,3,3,0,1,0,0,0,0,0,0,0,0,333,333,333,667,0.3,1,0,0,0,0,NO
2015-16,R. Padron,31,10,22,19,4,7,1,0,1,2,0,0,3,5,368,455,579,1033,5,11,2,0,0,0,NO
2008-09,R. Osuna,23,3,2,2,0,0,0,0,0,0,0,0,0,2,0,0,0,0,0,0,0,0,0,0,NO
2011-12,R. Osuna,26,6,5,5,1,2,0,0,0,0,0,0,0,1,0.4,0.4,0.4,0.8,0.8,2,0,0,0,0,NO
2007-08,R. Osuna,22,4,12,9,1,2,0,0,0,0,0,1,3,1,222,417,222,639,0.8,2,0,0,0,0,NO
2009-10,R. Osuna,24,16,56,50,8,13,4,0,0,3,3,1,4,5,0.26,309,0.34,649,5.3,17,4,0,1,1,NO
2013-14,R. Ortega,22,15,42,34,10,6,1,0,0,5,2,1,7,8,176,0.31,206,515,2.2,7,1,0,0,1,NO
2011-12,R. Olmedo,30,11,12,11,1,3,0,0,0,1,0,0,1,2,273,333,273,606,1,3,0,0,0,0,NO
2003-04,R. Olmedo,22,7,,25,3,6,2,0,0,4,0,,,,0.24,,0.32,0,,8,2,,,,NO
2000-01,R. Olmedo,19,11,,33,4,7,1,0,0,0,0,,,,212,,242,0,,8,1,,,,NO
1974-75,R. Office,22,5,,18,2,5,0,0,0,2,0,,,,278,,278,0,,5,0,,,,NO
1969-70,R. Nye,25,1,,2,0,0,0,0,0,0,0,,,,0,,0,0,,0,0,,,,NO
2015-16,R. Mustelier,31,13,55,48,6,14,2,1,0,5,0,0,3,6,292,345,375,0.72,6.2,18,3,2,0,2,NO
1977-78,R. Meoli,26,3,,2,0,2,0,0,0,0,0,,,,1,,1,0,,2,0,,,,NO
2007-08,R. Mateo,29,14,61,53,3,16,4,0,1,7,0,0,5,16,302,377,434,811,8.7,23,5,2,0,1,NO
2000-01,R. Marval,25,5,,11,0,4,1,0,0,3,0,,,,364,,455,0,,5,1,,,,NO
1970-71,R. Marcano,19,1,,1,1,1,0,0,1,3,0,,,,1,,4,0,,4,1,,,,NO
1972-73,R. Marcano,21,1,,1,1,1,0,0,1,2,0,,,,1,,4,0,,4,1,,,,NO
1984-85,R. Marcano,33,1,,1,0,0,0,0,0,0,0,,,,0,,0,0,,0,0,,,,NO
1971-72,R. Marcano,20,2,,2,0,0,0,0,0,0,0,,,,0,,0,0,,0,0,,,,NO
1982-83,R. Marcano,31,3,,5,0,1,0,0,0,0,0,,,,0.2,,0.2,0,,1,0,,,,NO
1976-77,R. Marcano,25,4,,15,5,5,1,0,0,0,0,,,,333,,0.4,0,,6,1,,,,NO
1974-75,R. Marcano,23,5,,19,2,4,0,0,1,1,0,,,,211,,368,0,,7,1,,,,NO
1977-78,R. Marcano,26,6,,21,4,6,0,0,2,2,0,,,,286,,571,0,,12,2,,,,NO
1980-81,R. Marcano,29,6,,21,3,5,1,0,0,0,0,,,,238,,286,0,,6,1,,,,NO
1980-81,R. Lisi,24,6,,20,0,4,0,0,0,0,1,,,,0.2,,0.2,0,,4,0,,,,NO
1988-89,Ri. Laya,29,6,,1,0,0,0,0,0,0,0,,,,0,,0,0,,0,0,,,,NO
1989-90,Ri. Laya,30,7,,1,1,0,0,0,0,0,0,,,,0,,0,0,,0,0,,,,NO
1986-87,Ri. Laya,27,2,,7,1,0,0,0,0,0,0,,,,0,,0,0,,0,0,,,,NO
2003-04,R. Laya,23,8,,12,5,1,0,0,0,0,0,,,,83,,83,0,,1,0,,,,NO
1982-83,R. Jackson,29,6,,21,0,5,0,0,0,3,0,,,,238,,238,0,,5,0,,,,NO
1969-70,R. Hermoso,22,4,,13,4,6,0,0,1,2,0,,,,462,,692,0,,9,1,,,,NO
1970-71,R. Hermoso,23,3,,13,0,4,1,0,0,2,0,,,,308,,385,0,,5,1,,,,NO
1966-67,R. Hermoso,19,6,,19,2,7,0,0,0,3,1,,,,368,,368,0,,7,0,,,,NO
1974-75,R. Hermoso,27,5,,20,2,6,1,0,0,2,0,,,,0.3,,0.35,0,,7,1,,,,NO
1971-72,R. Hermoso,24,7,,26,3,7,2,0,0,1,1,,,,269,,346,0,,9,2,,,,NO
1972-73,R. Hermoso,25,6,,27,2,12,1,0,0,3,0,,,,444,,481,0,,13,1,,,,NO
1971-72,R. Gardner,27,2,,2,0,0,0,0,0,0,0,,,,0,,0,0,,0,0,,,,NO
2016-17,R. Corona,30,4,3,3,1,1,1,0,0,0,0,0,0,0,333,333,667,1,0.7,2,1,0,0,0,NO
2013-14,R. Cordova,19,5,1,1,0,1,0,0,0,0,0,0,0,0,1,1,1,2,1,1,0,0,0,0,NO
2000-01,R. Cordova,19,1,,2,0,0,0,0,0,0,0,,,,0,,0,0,,0,0,,,,NO
1966-67,R. Clark,23,6,,24,3,15,4,0,2,7,0,,,,625,,1042,0,,25,6,,,,SI
2011-12,R. Álvarez,34,4,8,7,1,3,2,0,0,1,0,0,1,4,429,0.5,714,1214,2.5,5,2,0,0,0,NO
2013-14,R. Álvarez,36,9,22,15,3,2,1,0,0,2,0,0,5,8,133,333,0.2,533,1,3,1,0,1,1,NO
2009-10,R. Álvarez,32,11,42,35,8,11,1,1,3,7,0,0,6,4,314,415,657,1072,9.5,23,5,0,1,0,NO
2007-08,R. Acuna,28,10,32,30,1,6,0,0,0,2,2,2,2,8,0.2,0.25,0.2,0.45,1.5,6,0,0,0,0,NO
1966-67,P. Villaren,23,2,,1,0,0,0,0,0,0,0,,,,0,,0,0,,0,0,,,,NO
1977-78,P. Pérez,26,2,,0,1,0,0,0,0,0,0,,,,,,,,,0,0,,,,NO
1970-71,P. Kelly,26,3,,15,4,8,2,0,0,4,0,,,,533,,667,0,,10,2,,,,NO
1972-73,P. Kelly,28,6,,24,4,6,0,0,1,5,1,,,,0.25,,375,0,,9,1,,,,NO
1971-72,P. Kelly,27,7,,29,2,8,3,0,0,3,1,,,,276,,379,0,,11,3,,,,NO
1971-72,P. Hamm,24,3,,5,0,1,0,0,0,0,0,,,,0.2,,0.2,0,,1,0,,,,SI
1984-85,P. Dodson,25,6,,19,3,6,2,1,1,2,0,,,,316,,684,0,,13,4,,,,NO
1970-71,P. Casanova,29,3,,13,0,4,1,0,0,2,0,,,,308,,385,0,,5,1,,,,NO
1969-70,P. Casanova,28,4,,16,1,4,1,0,0,2,0,,,,0.25,,313,0,,5,1,,,,NO
1974-75,P. Casanova,33,5,,18,1,4,1,0,0,1,0,,,,222,,278,0,,5,1,,,,NO
1971-72,P. Casanova,30,7,,26,1,7,0,0,0,3,0,,,,269,,269,0,,7,0,,,,NO
1972-73,P. Casanova,31,6,,26,1,4,0,0,0,1,0,,,,154,,154,0,,4,0,,,,NO
2009-10,O. Salazar,31,14,61,52,11,12,0,0,2,8,0,0,9,7,231,344,346,0.69,6.2,18,2,0,0,0,NO
2007-08,O. Salazar,29,15,67,59,6,13,2,0,4,9,0,0,6,14,0.22,299,458,756,8.1,27,6,1,0,1,NO
2008-09,O. Salazar,30,17,75,68,11,21,6,0,4,18,0,0,7,6,309,373,574,947,14.6,39,10,0,0,0,NO
2011-12,O. Salazar,33,17,81,71,14,22,2,0,5,20,0,0,9,7,0.31,383,549,932,14.9,39,7,0,0,1,NO
1970-71,O. Pena,37,3,,1,0,0,0,0,0,0,0,,,,0,,0,0,,0,0,,,,NO
1971-72,O. Pena,38,3,,1,0,0,0,0,0,0,0,,,,0,,0,0,,0,0,,,,NO
1985-86,O. Moreno,33,6,,25,3,7,0,2,0,1,2,,,,0.28,,0.44,0,,11,2,,,,NO
2015-16,O. Herrera,24,8,39,31,10,10,0,0,2,7,0,1,8,3,323,462,516,978,7.4,16,2,0,0,0,NO
2014-15,O. Herrera,23,9,39,35,2,3,0,0,0,2,1,0,3,10,86,179,86,265,0.5,3,0,1,0,0,NO
1981-82,O. Guillén,17,1,,1,0,0,0,0,0,0,0,,,,0,,0,0,,0,0,,,,NO
1982-83,O. Guillén,18,1,,1,0,1,0,0,0,2,0,,,,1,,1,0,,1,0,,,,NO
2016-17,O. Guillén,24,1,2,2,0,0,0,0,0,0,0,0,0,1,0,0,0,0,0,0,0,0,0,0,NO
1983-84,O. Guillén,19,4,,8,0,1,0,0,0,1,0,,,,125,,125,0,,1,0,,,,NO
1986-87,O. Guillén,22,5,,20,3,6,1,0,0,1,0,,,,0.3,,0.35,0,,7,1,,,,NO
1984-85,O. Guillén,20,6,,24,1,7,0,0,0,2,1,,,,292,,292,0,,7,0,,,,NO
1985-86,O. Guillén,21,6,,24,4,8,1,2,0,1,0,,,,333,,542,0,,13,3,,,,NO
1988-89,O. Guillén,24,12,,40,7,10,2,2,0,3,3,,,,0.25,,0.4,0,,16,4,,,,NO
1980-81,O. Blanco,35,1,,1,0,0,0,0,0,0,0,,,,0,,0,0,,0,0,,,,NO
1970-71,O. Blanco,25,3,,2,1,0,0,0,0,0,0,,,,0,,0,0,,0,0,,,,NO
1976-77,O. Blanco,31,4,,13,6,3,1,0,1,5,0,,,,231,,538,0,,7,2,,,,NO
1979-80,O. Blanco,34,5,,14,1,1,0,0,0,1,0,,,,71,,71,0,,1,0,,,,NO
1972-73,O. Blanco,27,6,,17,1,2,0,0,0,0,0,,,,118,,118,0,,2,0,,,,NO
1974-75,O. Blanco,29,5,,17,2,5,1,0,0,2,0,,,,294,,353,0,,6,1,,,,NO
1971-72,O. Blanco,26,7,,22,1,4,0,0,0,5,0,,,,182,,182,0,,4,0,,,,NO
1977-78,O. Blanco,32,6,,22,4,7,1,0,0,2,3,,,,318,,364,0,,8,1,,,,NO
2000-01,O. Azocar,35,16,,60,9,16,3,0,3,11,0,,,,267,,467,0,,28,6,,,,NO
1983-84,N. Carrasco,21,5,,16,0,1,0,0,0,0,0,,,,63,,63,0,,1,0,,,,NO
1986-87,N. Carrasco,24,5,,16,1,5,3,0,0,0,0,,,,313,,0.5,0,,8,3,,,,NO
1982-83,N. Carrasco,20,6,,18,2,2,1,0,0,1,0,,,,111,,167,0,,3,1,,,,NO
1985-86,N. Carrasco,23,6,,20,0,5,0,0,0,2,0,,,,0.25,,0.25,0,,5,0,,,,NO
1984-85,N. Carrasco,22,6,,24,2,3,1,0,0,1,1,,,,125,,167,0,,4,1,,,,NO
1991-92,N. Carrasco,29,11,,37,3,7,1,0,0,4,1,,,,189,,216,0,,8,1,,,,NO
1988-89,N. Carrasco,26,12,,47,5,13,3,0,1,4,0,,,,277,,404,0,,19,4,,,,NO
1989-90,N. Carrasco,27,12,,49,3,13,1,0,1,5,1,,,,265,,347,0,,17,2,,,,NO
2003-04,N. Álvarez,26,6,,18,0,5,0,0,0,0,0,,,,278,,278,0,,5,0,,,,NO
2009-10,M. Yépez,28,4,11,9,2,3,1,0,0,1,0,0,2,2,333,455,444,899,1.8,4,1,0,0,0,NO
2009-10,M. Rojas,20,3,3,2,0,1,0,0,0,1,0,0,0,0,0.5,667,0.5,1167,0.7,1,0,1,0,0,NO
2007-08,M. Rojas,18,2,4,4,1,2,0,0,0,0,0,0,0,1,0.5,0.5,0.5,1,1,2,0,0,0,0,NO
2014-15,M. Rojas,25,8,28,26,2,8,0,0,0,1,2,0,1,3,308,333,308,641,2.7,8,0,0,1,0,NO
2011-12,M. Rojas,22,17,69,58,8,19,2,0,0,3,3,2,7,8,328,409,362,771,8.6,21,2,1,3,0,NO
2014-15,M. Ramírez,24,2,4,4,1,2,0,0,0,1,0,0,0,0,0.5,0.5,0.5,1,1,2,0,0,0,0,NO
2008-09,M. Ramírez,24,2,10,8,0,2,1,0,0,1,0,0,0,5,0.25,0.4,375,775,1.2,3,1,2,0,0,NO
1976-77,M. Ramírez,26,4,,13,1,6,0,0,1,8,0,,,,462,,692,0,,9,1,,,,NO
2003-04,M. Pernalete,25,3,,3,0,0,0,0,0,0,0,,,,0,,0,0,,0,0,,,,NO
2008-09,M. Montero,25,10,42,37,5,12,0,0,2,6,2,0,4,7,324,381,486,867,6.9,18,2,0,0,1,SI
2016-17,M. Minicozzi,33,1,4,4,1,2,0,0,0,0,0,0,0,0,0.5,0.5,0.5,1,1,2,0,0,0,0,NO
1974-75,M. Malave,21,3,,2,1,0,0,0,0,0,0,,,,0,,0,0,,0,0,,,,NO
1969-70,M. López,26,1,,1,0,0,0,0,0,0,0,,,,0,,0,0,,0,0,,,,NO
1965-66,M. López,22,5,,7,1,3,0,1,0,2,0,,,,429,,714,0,,5,1,,,,NO
1969-70,M. Hedlund,23,1,,3,0,1,0,0,0,1,0,,,,333,,333,0,,1,0,,,,NO
1991-92,M. González,17,2,,4,0,0,0,0,0,1,0,,,,0,,0,0,,0,0,,,,NO
2009-10,M. González,19,1,4,4,0,1,0,0,0,0,0,0,0,2,0.25,0.25,0.25,0.5,0.3,1,0,0,0,0,NO
2014-15,M. González,24,4,5,5,0,1,0,0,0,0,0,0,0,0,0.2,0.2,0.2,0.4,0.2,1,0,0,0,0,NO
2015-16,M. González,25,5,6,5,2,1,0,0,0,0,0,0,1,3,0.2,333,0.2,533,0.3,1,0,0,0,0,NO
2013-14,M. González,23,5,15,13,3,4,0,0,1,2,0,0,2,2,308,0.4,538,938,2.8,7,1,0,0,0,NO
1979-80,M. Edwards,27,7,,25,1,4,1,0,0,1,2,,,,0.16,,0.2,0,,5,1,,,,NO
1965-66,M. Dominguez,0,3,,2,0,0,0,0,0,0,0,,,,0,,0,0,,0,0,,,,NO
1991-92,M. Davis,27,11,,38,7,8,1,0,0,2,1,,,,211,,237,0,,9,1,,,,NO
1976-77,M. Cubbage,26,4,,16,6,7,1,0,0,4,0,,,,438,,0.5,0,,8,1,,,,NO
1991-92,M. Castellanos,22,1,,4,0,0,0,0,0,0,0,,,,0,,0,0,,0,0,,,,NO
2008-09,M. Alfonzo,20,2,4,2,1,0,0,0,0,0,0,0,1,1,0,0.5,0,0.5,0,0,0,1,0,0,NO
1981-82,L. Whisenton,25,4,,13,0,3,0,0,0,1,0,,,,231,,231,0,,3,0,,,,NO
1971-72,L. Tiant,31,2,,4,0,1,0,0,0,0,0,,,,0.25,,0.25,0,,1,0,,,,NO
1972-73,L. Tiant,32,2,,5,0,0,0,0,0,1,0,,,,0,,0,0,,0,0,,,,NO
2015-16,L. Sardiñas,22,13,63,59,15,23,6,1,1,8,0,1,4,5,0.39,429,576,1005,14.6,34,8,0,0,0,NO
1977-78,L. Salazar Garcia,21,4,,4,0,1,0,0,0,0,0,,,,0.25,,0.25,0,,1,0,,,,NO
1981-82,L. Salazar Garcia,25,4,,16,1,4,0,0,0,0,0,,,,0.25,,0.25,0,,4,0,,,,NO
1989-90,L. Salazar,23,6,,17,0,1,0,0,0,0,0,,,,59,,59,0,,1,0,,,,NO
1979-80,L. Salazar Garcia,23,7,,22,0,4,0,0,0,0,1,,,,182,,182,0,,4,0,,,,NO
1983-84,L. Salazar Garcia,27,6,,22,5,10,1,1,1,1,1,,,,455,,727,0,,16,3,,,,NO
1980-81,L. Salazar Garcia,24,6,,24,2,5,0,0,0,4,0,,,,208,,208,0,,5,0,,,,NO
1982-83,L. Salazar Garcia,26,6,,24,2,7,2,0,0,1,1,,,,292,,375,0,,9,2,,,,NO
1984-85,L. Salazar Garcia,28,6,,24,5,8,4,0,1,4,1,,,,333,,625,0,,15,5,,,,NO
1988-89,L. Salazar Garcia,32,11,,43,2,8,1,1,1,7,0,,,,186,,326,0,,14,3,,,,NO
1991-92,L. Salazar Garcia,35,11,,43,5,9,1,0,2,3,0,,,,209,,372,0,,16,3,,,,NO
1989-90,L. Salazar Garcia,33,12,,49,6,14,0,0,1,4,0,,,,286,,347,0,,17,1,,,,NO
2007-08,L. Rodríguez,31,5,12,11,1,2,0,0,0,1,0,0,0,2,182,0.25,182,432,0.5,2,0,1,0,0,NO
2011-12,L. Rodríguez,31,11,50,43,8,11,2,1,1,5,0,0,5,9,256,347,419,766,6.3,18,4,1,1,0,NO
2003-04,L. Rodríguez,27,12,,48,3,15,4,0,1,9,1,,,,313,,458,0,,22,5,,,,NO
2003-04,L. Raven,35,15,,52,5,12,4,0,3,8,0,,,,231,,481,0,,25,7,,,,NO
2009-10,L. Jiménez,27,10,29,26,3,3,0,1,0,1,0,0,3,8,115,207,192,399,1,5,1,0,0,0,SI
2011-12,L. Jiménez,29,16,68,60,10,15,2,0,6,15,0,0,7,16,0.25,324,583,907,11.3,35,8,0,0,1,SI
1969-70,L. Jaster,25,1,,3,0,1,0,0,0,1,0,,,,333,,333,0,,1,0,,,,NO
2007-08,L. Hernández,23,9,30,25,5,8,2,0,0,2,1,0,3,2,0.32,393,0.4,793,3.9,10,2,0,2,0,NO
2008-09,L. Hernández,24,12,43,36,2,9,1,0,0,1,0,0,5,5,0.25,341,278,619,3.4,10,1,0,2,0,NO
1970-71,L. Gura,23,1,,3,0,0,0,0,0,0,0,,,,0,,0,0,,0,0,,,,NO
1989-90,L. Galindo,24,11,,42,9,9,0,0,0,0,1,,,,214,,214,0,,9,0,,,,NO
1991-92,L. Galindo,26,11,,44,6,13,0,1,0,3,0,,,,295,,341,0,,15,1,,,,NO
1991-92,L. Figueredo,21,1,,3,1,1,0,0,0,0,0,,,,333,,333,0,,1,0,,,,NO
1989-90,L. Dorante,23,2,,1,0,0,0,0,0,0,0,,,,0,,0,0,,0,0,,,,NO
1991-92,L. Dorante,25,2,,4,0,0,0,0,0,0,0,,,,0,,0,0,,0,0,,,,NO
2003-04,L. Collier,30,16,,65,10,18,4,1,2,6,2,,,,277,,462,0,,30,7,,,,NO
1970-71,L. Cardenas,32,3,,10,2,3,1,1,0,1,0,,,,0.3,,0.6,0,,6,2,,,,NO
1971-72,L. Cardenas,33,7,,24,2,7,2,0,0,3,0,,,,292,,375,0,,9,2,,,,NO
1965-66,L. Aparicio,31,6,,25,3,5,0,0,1,2,0,,,,0.2,,0.32,0,,8,1,,,,NO
2000-01,K. Noriega,26,8,,9,0,1,1,0,0,0,0,,,,111,,222,0,,2,1,,,,NO
1977-78,J. Wathan,28,6,,25,3,11,1,0,2,7,0,,,,0.44,,0.72,0,,18,3,,,,NO
2000-01,J. Velandia,25,8,,30,1,8,0,1,1,3,0,,,,267,,433,0,,13,2,,,,NO
2008-09,J. Velandia,33,14,51,37,4,10,3,0,0,11,0,0,5,11,0.27,364,351,715,4.7,13,3,1,7,1,NO
2003-04,J. Velandia,28,12,,43,7,11,3,0,0,3,0,,,,256,,326,0,,14,3,,,,NO
2007-08,J. Velandia,32,14,53,45,4,11,0,0,0,3,1,0,6,9,244,327,244,571,3.6,11,0,0,1,1,NO
1966-67,J. Tsitouris,30,2,,4,0,1,0,0,0,1,0,,,,0.25,,0.25,0,,1,0,,,,NO
2013-14,J. Thurston,34,16,76,64,13,30,8,0,1,13,0,2,6,8,469,541,641,1181,22.2,41,9,4,2,0,SI
1971-72,J. Rooker,29,3,,5,0,3,1,0,0,0,0,,,,0.6,,0.8,0,,4,1,,,,NO
1972-73,J. Rooker,30,2,,7,1,3,0,0,0,0,0,,,,429,,429,0,,3,0,,,,NO
2008-09,J. Richardson,29,4,18,15,1,0,0,0,0,0,0,0,3,3,0,167,0,167,0,0,0,0,0,0,NO
1986-87,J. Reed,24,5,,14,0,5,1,0,0,3,1,,,,357,,429,0,,6,1,,,,NO
1991-92,J. Monzon,23,7,,25,1,7,0,0,0,3,0,,,,0.28,,0.28,0,,7,0,,,,NO
1989-90,J. Monzon,21,10,,31,1,10,2,0,0,1,0,,,,323,,387,0,,12,2,,,,NO
1985-86,J. Monasterios,31,2,,5,1,2,0,0,0,1,0,,,,0.4,,0.4,0,,2,0,,,,NO
1988-89,J. Monasterios,34,3,,9,0,1,0,0,0,0,0,,,,111,,111,0,,1,0,,,,NO
1986-87,J. Monasterios,32,3,,11,1,4,0,0,0,1,0,,,,364,,364,0,,4,0,,,,NO
1981-82,J. Monasterios,27,4,,14,0,3,0,0,0,0,0,,,,214,,214,0,,3,0,,,,NO
1976-77,J. Monasterios,22,4,,20,2,2,0,0,0,1,0,,,,0.1,,0.1,0,,2,0,,,,NO
1983-84,J. Monasterios,29,6,,22,1,4,0,0,0,3,0,,,,182,,182,0,,4,0,,,,NO
1977-78,J. Monasterios,23,6,,24,1,2,0,0,0,1,1,,,,83,,83,0,,2,0,,,,NO
1980-81,J. Monasterios,26,6,,24,1,5,0,1,1,6,0,,,,208,,417,0,,10,2,,,,NO
1982-83,J. Monasterios,28,6,,24,1,6,2,0,0,0,0,,,,0.25,,333,0,,8,2,,,,NO
1979-80,J. Monasterios,25,7,,28,0,5,0,0,0,1,0,,,,179,,179,0,,5,0,,,,NO
1989-90,J. Mitchell,21,11,,28,0,3,0,0,0,2,2,,,,107,,107,0,,3,0,,,,NO
2007-08,J. Melian,27,9,35,32,6,8,2,0,3,8,0,0,1,9,0.25,286,594,879,5.4,19,5,1,0,1,NO
2007-08,J. Martínez,19,3,8,7,1,2,0,0,0,1,0,0,1,2,286,375,286,661,0.8,2,0,0,0,0,NO
1965-66,J. Martínez,23,6,,20,2,5,0,0,0,1,1,,,,0.25,,0.25,0,,5,0,,,,NO
2016-17,J. Martínez,28,6,25,20,4,4,1,0,0,2,0,0,5,7,0.2,0.36,0.25,0.61,1.8,5,1,0,0,0,NO
2014-15,J. Martínez,26,14,51,46,3,14,1,0,0,4,1,2,4,9,304,353,326,679,5.3,15,1,0,0,1,NO
2015-16,J. Martínez,27,13,55,50,5,14,1,0,3,10,0,0,4,7,0.28,327,0.48,807,7.8,24,4,0,0,1,NO
2011-12,J. Martínez,23,17,70,65,9,21,3,1,2,12,0,1,3,16,323,362,492,855,11.6,32,6,1,1,0,NO
2003-04,J. Marquez,30,3,,4,0,0,0,0,0,0,0,,,,0,,0,0,,0,0,,,,NO
2000-01,J. Marquez,27,13,,34,2,10,2,0,0,7,1,,,,294,,353,0,,12,2,,,,NO
1991-92,J. Marchan,19,1,,4,1,1,0,1,0,1,0,,,,0.25,,0.75,0,,3,1,,,,NO
1977-78,J. Manuel,24,6,,24,4,9,0,1,0,3,2,,,,375,,458,0,,11,1,,,,NO
1982-83,J. Keller,27,3,,1,0,0,0,0,0,0,0,,,,0,,0,0,,0,0,,,,NO
1972-73,J. Herrera,30,3,,3,0,1,1,0,0,0,0,,,,333,,667,0,,2,1,,,,NO
2013-14,J. Herrera,28,6,3,3,1,0,0,0,0,0,0,0,0,2,0,0,0,0,0,0,0,0,0,0,NO
1966-67,J. Herrera,24,3,,9,0,1,0,0,0,1,0,,,,111,,111,0,,1,0,,,,NO
1970-71,J. Herrera,28,3,,9,2,4,2,0,0,5,0,,,,444,,667,0,,6,2,,,,NO
1974-75,J. Herrera,32,4,,10,0,3,1,0,0,2,0,,,,0.3,,0.4,0,,4,1,,,,NO
1969-70,J. Herrera,27,4,,15,3,4,0,0,0,3,0,,,,267,,267,0,,4,0,,,,NO
1965-66,J. Herrera,23,6,,24,1,3,1,0,0,0,0,,,,125,,167,0,,4,1,,,,NO
1971-72,J. Herrera,29,7,,26,1,7,1,0,0,3,0,,,,269,,308,0,,8,1,,,,NO
1989-90,J. Guarache,20,1,,1,0,0,0,0,0,0,0,,,,0,,0,0,,0,0,,,,NO
2009-10,J. Gualdron,22,1,6,4,0,1,0,0,0,0,0,0,1,2,0.25,333,0.25,583,0.3,1,0,0,0,1,NO
1989-90,J. Graterol,27,1,,2,0,0,0,0,0,0,0,,,,0,,0,0,,0,0,,,,NO
2016-17,J. González,29,3,5,5,0,0,0,0,0,0,0,0,0,3,0,0,0,0,0,0,0,0,0,0,NO
2015-16,J. González,28,12,38,31,4,6,1,0,0,3,0,0,1,9,194,286,226,512,2,7,1,3,3,0,NO
2013-14,J. González,26,9,35,32,3,10,0,0,0,2,0,0,3,7,313,371,313,684,3.7,10,0,0,0,0,NO
2014-15,J. González,27,13,46,37,4,7,1,0,1,2,0,0,5,8,189,279,297,576,3.1,11,2,0,3,1,NO
2016-17,J. Gil,30,8,31,24,2,4,1,0,0,1,0,0,4,4,167,0.3,208,508,1.5,5,1,1,1,1,NO
2009-10,J. Gibbons,32,13,52,46,7,14,5,0,3,10,0,0,6,8,304,385,609,993,10.8,28,8,0,0,0,NO
2014-15,J. Dunigan,0,3,3,3,0,0,0,0,0,0,0,0,0,3,0,0,0,0,0,0,0,0,0,0,NO
1970-71,J. Cram,23,1,,1,0,0,0,0,0,0,0,,,,0,,0,0,,0,0,,,,NO
2003-04,J. Cordido,23,10,,31,3,12,2,0,1,4,0,,,,387,,548,0,,17,3,,,,NO
2000-01,J. Cordido,20,11,,39,5,11,2,0,1,1,1,,,,282,,0.41,0,,16,3,,,,NO
2007-08,J. Colina,28,6,15,14,1,2,1,0,0,1,0,0,1,3,143,0.2,214,414,0.6,3,1,0,0,0,NO
2008-09,J. Colina,29,8,29,28,5,9,3,1,0,3,0,0,0,6,321,345,0.5,845,4.8,14,4,1,0,0,NO
2008-09,J. Celis,22,2,2,2,0,0,0,0,0,0,0,0,0,0,0,0,0,0,0,0,0,0,0,0,NO
2009-10,J. Celis,23,1,4,3,1,0,0,0,0,0,0,0,1,0,0,0.25,0,0.25,0,0,0,0,0,0,NO
2016-17,J. Castillo,35,12,49,48,4,15,3,0,0,7,0,0,1,6,313,327,375,702,5.9,18,3,0,0,0,NO
1991-92,J. Cartaya,25,1,,2,0,0,0,0,0,0,0,,,,0,,0,0,,0,0,,,,NO
1988-89,J. Cartaya,22,3,,7,0,1,0,0,0,0,0,,,,143,,143,0,,1,0,,,,NO
1989-90,J. Cartaya,23,10,,30,6,6,1,0,0,2,1,,,,0.2,,233,0,,7,1,,,,NO
1970-71,J. Cardenal,27,3,,15,3,7,1,0,0,4,0,,,,467,,533,0,,8,1,,,,NO
1977-78,J. Cardenal,34,4,,15,3,4,0,0,0,0,2,,,,267,,267,0,,4,0,,,,NO
1972-73,J. Cardenal,29,4,,17,1,5,1,0,0,0,0,,,,294,,353,0,,6,1,,,,NO
1971-72,J. Cardenal,28,7,,27,4,5,2,0,0,4,0,,,,185,,259,0,,7,2,,,,NO
1965-66,J. Bracho,37,1,,2,0,0,0,0,0,0,0,,,,0,,0,0,,0,0,,,,NO
2000-01,J. Boscán,21,4,,6,1,1,0,0,0,0,0,,,,167,,167,0,,1,0,,,,NO
1966-67,J. Bateman,26,6,,25,5,10,1,1,4,9,1,,,,0.4,,1,0,,25,6,,,,NO
1965-66,J. Bateman,25,6,,26,1,6,0,0,0,2,0,,,,231,,231,0,,6,0,,,,NO
1972-73,I. Murrell,29,6,,23,2,7,1,0,1,4,0,,,,304,,478,0,,11,2,,,,NO
2013-14,H. Sánchez,24,3,12,11,1,1,0,0,1,1,0,0,1,4,91,167,364,0.53,0.7,4,1,0,0,0,NO
2016-17,H. Sánchez,27,10,43,35,6,14,4,0,1,7,0,0,7,4,0.4,488,0.6,1088,10.2,21,5,0,0,1,NO
2011-12,H. Sánchez,22,14,48,43,9,11,3,0,1,5,1,0,5,12,256,333,395,729,5.7,17,4,0,0,0,NO
2016-17,H. Rodríguez,26,12,55,50,8,20,4,0,0,3,1,0,4,4,0.4,455,0.48,935,10.9,24,4,1,0,0,SI
1991-92,H. Ortega,22,2,,4,0,1,0,0,0,0,0,,,,0.25,,0.25,0,,1,0,,,,NO
2009-10,H. Meneses,18,2,2,2,0,2,0,0,0,1,0,0,0,0,1,1,1,2,2,2,0,0,0,0,NO
2014-15,H. Meneses,23,14,40,36,1,9,1,0,0,3,0,0,1,8,0.25,282,278,0.56,2.8,10,1,1,1,1,NO
2016-17,H. Meneses,25,11,51,43,5,8,1,0,0,3,1,0,4,11,186,271,209,0.48,2.4,9,1,1,3,0,NO
2013-14,H. Meneses,22,16,58,51,5,12,6,0,1,8,0,1,2,9,235,291,412,703,6.1,21,7,2,3,0,NO
2009-10,H. Giménez,27,15,65,54,9,16,6,1,3,12,0,0,9,10,296,385,611,996,12.7,33,10,0,0,2,SI
1979-80,G. Woods,26,3,,9,0,1,0,0,0,0,0,,,,111,,111,0,,1,0,,,,NO
1988-89,G. Thurman,24,12,,49,7,17,3,2,0,1,5,,,,347,,0.49,0,,24,5,,,,NO
2003-04,G. Rodríguez,25,3,,4,0,1,0,0,0,0,0,,,,0.25,,0.25,0,,1,0,,,,NO
2009-10,G. Rodríguez,31,5,10,8,0,0,0,0,0,1,0,0,1,2,0,0.1,0,0.1,0,0,0,0,0,1,NO
2000-01,G. Rodríguez,22,6,,17,3,8,2,0,1,3,1,,,,471,,765,0,,13,3,,,,NO
2013-14,G. Rodríguez,30,10,29,24,3,3,1,0,0,0,0,0,4,10,125,0.25,167,417,1,4,1,0,1,0,SI
1981-82,G. Rajsich,27,4,,16,2,3,1,0,1,3,0,,,,188,,438,0,,7,2,,,,NO
1981-82,G. Polidor,20,4,,10,0,0,0,0,0,0,0,,,,0,,0,0,,0,0,,,,NO
1989-90,G. Polidor,28,6,,15,1,3,0,0,0,0,0,,,,0.2,,0.2,0,,3,0,,,,NO
1980-81,G. Polidor,19,6,,20,5,6,1,0,0,2,1,,,,0.3,,0.35,0,,7,1,,,,NO
1984-85,G. Polidor,23,6,,24,3,5,2,0,0,5,0,,,,208,,292,0,,7,2,,,,NO
1985-86,G. Polidor,24,6,,24,3,4,1,0,0,1,0,,,,167,,208,0,,5,1,,,,NO
1991-92,G. Polidor,30,11,,38,3,9,3,0,0,1,0,,,,237,,316,0,,12,3,,,,NO
1988-89,G. Polidor,27,12,,44,4,9,1,1,1,5,0,,,,205,,341,0,,15,3,,,,NO
1983-84,G. Pettis,25,6,,21,3,4,1,0,0,0,3,,,,0.19,,238,0,,5,1,,,,NO
1966-67,G. Parra,23,3,,3,0,1,0,0,0,0,0,,,,333,,333,0,,1,0,,,,SI
2007-08,G. Parra,20,10,37,33,3,10,0,0,0,1,0,2,3,0,303,378,303,681,3.8,10,0,1,0,0,SI
1969-70,G. Nettles,25,4,,12,3,3,1,0,0,2,1,,,,0.25,,333,0,,4,1,,,,SI
2000-01,G. Martínez,28,15,,52,7,9,0,0,0,1,2,,,,173,,173,0,,9,0,,,,NO
2014-15,G. Golson,29,3,11,11,0,1,0,0,0,0,0,0,0,5,91,91,91,182,0.1,1,0,0,0,0,NO
1980-81,G. Ferrer,22,1,,1,0,0,0,0,0,0,0,,,,0,,0,0,,0,0,,,,NO
1976-77,G. Enright,22,3,,4,1,1,0,0,0,1,0,,,,0.25,,0.25,0,,1,0,,,,NO
1977-78,G. Clines,31,4,,13,2,3,1,0,0,1,0,,,,231,,308,0,,4,1,,,,NO
1966-67,G. Brabender,25,2,,5,0,0,0,0,0,0,0,,,,0,,0,0,,0,0,,,,NO
2003-04,G. Blanco,20,12,,18,2,4,0,0,1,1,0,,,,222,,389,0,,7,1,,,,NO
2008-09,G. Blanco,25,14,60,48,9,15,1,1,0,3,1,0,11,11,313,441,375,816,7.9,18,2,0,1,0,NO
2009-10,G. Blanco,26,14,64,50,10,16,0,2,0,8,1,1,11,8,0.32,443,0.4,843,8.9,20,2,0,3,0,NO
2007-08,G. Blanco,24,13,60,51,6,12,4,0,0,1,1,1,9,9,235,0.35,314,664,5.6,16,4,0,0,0,NO
2011-12,G. Blanco,28,17,85,68,21,25,1,1,6,15,3,1,15,14,368,482,676,1159,22.2,46,8,1,0,1,NO
1991-92,F. Torres,20,2,,3,0,1,0,0,0,0,0,,,,333,,333,0,,1,0,,,,NO
1969-70,F. Rico,25,1,,1,0,0,0,0,0,0,0,,,,0,,0,0,,0,0,,,,NO
2000-01,E. Zambrano,34,12,,37,7,12,0,0,3,4,1,,,,324,,568,0,,21,3,,,,NO
1970-71,E. Spiezio,29,1,,3,1,2,0,0,0,0,0,,,,667,,667,0,,2,0,,,,NO
1984-85,E. Miller,27,6,,15,5,3,0,0,0,1,2,,,,0.2,,0.2,0,,3,0,,,,NO
1988-89,E. Marquez,23,3,,8,0,2,0,0,0,0,0,,,,0.25,,0.25,0,,2,0,,,,NO
1985-86,E. Marquez,20,4,,9,0,2,1,0,0,2,0,,,,222,,333,0,,3,1,,,,NO
1989-90,E. Marquez,24,4,,11,0,0,0,0,0,0,0,,,,0,,0,0,,0,0,,,,NO
1986-87,E. Marquez,21,5,,14,3,1,0,0,0,1,1,,,,71,,71,0,,1,0,,,,NO
1991-92,E. Marquez,26,7,,24,2,7,2,0,0,3,1,,,,292,,375,0,,9,2,,,,NO
1970-71,E. Hernández,21,3,,12,5,5,0,0,0,2,1,,,,417,,417,0,,5,0,,,,NO
1974-75,E. Hernández,25,4,,14,0,1,0,0,0,3,0,,,,71,,71,0,,1,0,,,,NO
1969-70,E. Hernández,20,4,,18,3,3,0,0,0,3,0,,,,167,,167,0,,3,0,,,,NO
1971-72,E. Hernández,22,7,,26,3,7,0,0,0,0,0,,,,269,,269,0,,7,0,,,,NO
1972-73,E. Hernández,23,6,,27,4,12,1,0,0,0,6,,,,444,,481,0,,13,1,,,,NO
1966-67,E. Gutierrez,21,1,,0,1,0,0,0,0,0,0,,,,,,,,,0,0,,,,NO
2009-10,E. Escobar,20,3,4,4,1,1,0,0,0,0,0,0,0,1,0.25,0.25,0.25,0.5,0.3,1,0,0,0,0,NO
2011-12,E. Escobar,22,9,26,25,2,3,0,1,0,0,0,1,0,8,0.12,0.12,0.2,0.32,0.6,5,1,0,1,0,NO
2008-09,E. Chávez,30,17,78,64,9,21,4,0,0,8,6,1,10,8,328,413,391,804,10.3,25,4,0,3,1,SI
1966-67,E. Chacon,30,5,,19,5,8,2,0,0,1,0,,,,421,,526,0,,10,2,,,,NO
1972-73,E. Camejo,28,1,,0,1,0,0,0,0,0,0,,,,,,,,,0,0,,,,NO
1982-83,E. Bonaparte,25,5,,20,3,9,1,1,0,1,0,,,,0.45,,0.6,0,,12,2,,,,NO
2013-14,E. Bellorin,31,2,1,1,0,0,0,0,0,0,0,0,0,0,0,0,0,0,0,0,0,0,0,0,NO
2009-10,E. Bellorin,27,9,23,23,0,1,1,0,0,1,0,0,0,4,43,43,87,0.13,0.1,2,1,0,0,0,NO
2011-12,E. Bellorin,29,11,29,28,5,7,3,0,1,7,0,0,1,10,0.25,276,464,0.74,3.6,13,4,0,0,0,NO
2008-09,E. Bellorin,26,13,53,48,5,13,2,0,1,5,0,0,4,11,271,327,375,702,5.9,18,3,0,1,0,NO
2008-09,E. Alfonzo,29,6,27,23,3,3,1,0,0,2,0,1,0,5,0.13,222,174,396,0.9,4,1,3,0,1,SI
2007-08,E. Adrianza,18,2,5,5,0,1,0,0,0,1,0,0,0,1,0.2,0.2,0.2,0.4,0.2,1,0,0,0,0,NO
2016-17,D. Vázquez,22,12,41,36,5,13,1,0,1,10,3,0,3,6,361,439,472,911,7.5,17,2,2,0,0,SI
1982-83,D. Thomas,31,6,,25,4,5,1,0,0,1,0,,,,0.2,,0.24,0,,6,1,,,,NO
1982-83,D. Strawberry,20,6,,17,4,6,1,0,2,3,0,,,,353,,765,0,,13,3,,,,NO
2008-09,D. Sandoval,29,13,48,43,7,11,3,1,0,3,1,1,2,7,256,289,372,661,4.6,16,4,0,3,0,NO
2007-08,D. Sandoval,28,12,48,45,6,11,4,0,0,6,2,0,1,5,244,255,333,589,3.8,15,4,0,1,1,NO
2007-08,D. Paisano,20,7,5,4,2,1,0,0,0,1,0,0,1,1,0.25,0.4,0.25,0.65,0.4,1,0,0,0,0,NO
2011-12,D. Paisano,24,9,14,12,1,3,0,1,0,2,0,0,1,4,0.25,286,417,702,1.4,5,1,0,0,1,NO
2009-10,D. Paisano,22,11,14,13,2,3,1,0,1,2,0,0,0,1,231,231,538,769,1.6,7,2,0,1,0,NO
1979-80,D. Norman,24,5,,18,2,7,2,0,1,1,0,,,,389,,667,0,,12,3,,,,NO
2007-08,D. Navarro,23,9,33,28,4,9,2,0,1,3,0,1,4,6,321,406,0.5,906,5.7,14,3,0,1,0,NO
1976-77,D. Murphy,0,3,,1,0,0,0,0,0,0,0,,,,0,,0,0,,0,0,,,,NO
1985-86,D. Miller,27,2,,7,0,1,0,0,0,0,0,,,,143,,143,0,,1,0,,,,NO
1976-77,D. May,33,4,,14,5,6,3,0,0,1,1,,,,429,,643,0,,9,3,,,,NO
1980-81,D. Graham,26,4,,13,0,1,0,0,0,0,0,,,,77,,77,0,,1,0,,,,NO
1979-80,D. Graham,25,7,,24,2,5,1,0,1,5,0,,,,208,,375,0,,9,2,,,,NO
1980-81,D. García,26,6,,19,4,3,1,0,0,1,0,,,,158,,211,0,,4,1,,,,NO
1981-82,D. Edwards,27,3,,11,0,2,0,0,0,1,0,,,,182,,182,0,,2,0,,,,NO
1983-84,D. Brown,28,1,,1,0,0,0,0,0,0,0,,,,0,,0,0,,0,0,,,,NO
2003-04,D. Brinkley,35,4,,9,0,2,1,0,0,2,0,,,,222,,333,0,,3,1,,,,NO
1985-86,D. Boston,22,6,,22,4,5,0,2,0,4,0,,,,227,,409,0,,9,2,,,,NO
1972-73,D. Blanco,31,6,,22,1,4,1,0,0,1,0,,,,182,,227,0,,5,1,,,,SI
1974-75,D. Baker,25,5,,19,3,4,1,1,0,2,0,,,,211,,368,0,,7,2,,,,NO
2008-09,C. Suarez,25,8,21,20,2,5,0,0,0,1,0,0,0,6,0.25,0.25,0.25,0.5,1.3,5,0,0,1,0,NO
2015-16,C. Suarez,32,10,38,29,6,6,3,0,0,1,0,0,6,1,207,378,0.31,689,3.4,9,3,2,1,0,NO
2011-12,C. Suarez,28,14,60,58,10,21,6,1,1,6,1,2,1,7,362,373,552,925,11.9,32,8,0,1,0,NO
2009-10,C. Suarez,26,15,66,61,8,16,5,1,1,6,3,0,4,10,262,303,426,729,7.9,26,7,0,0,1,NO
2013-14,C. Suarez,30,16,64,61,9,22,7,0,2,8,1,0,2,8,361,375,574,949,13.1,35,9,0,0,1,NO
2014-15,C. Suarez,31,16,68,64,5,21,5,0,0,6,0,1,4,7,328,368,406,774,9.6,26,5,0,0,0,NO
1966-67,C. Ruíz,28,6,,21,2,6,0,1,0,1,0,,,,286,,381,0,,8,1,,,,NO
1965-66,C. Ruíz,27,6,,23,3,6,2,0,0,2,0,,,,261,,348,0,,8,2,,,,NO
2013-14,C. Retherford,28,16,64,56,12,14,4,0,0,11,0,0,4,10,0.25,328,321,0.65,5.9,18,4,3,0,1,NO
1965-66,C. Motton,24,6,,23,4,7,0,1,1,2,0,,,,304,,522,0,,12,2,,,,NO
2003-04,C. Mendoza,24,4,,10,2,4,0,1,0,1,0,,,,0.4,,0.6,0,,6,1,,,,NO
2000-01,C. Mendoza,21,9,,33,6,5,1,0,0,1,0,,,,152,,182,0,,6,1,,,,NO
1986-87,C. Martínez,21,2,,7,0,1,0,0,0,0,0,,,,143,,143,0,,1,0,,,,NO
1989-90,C. Martínez,24,12,,44,7,13,2,1,0,7,1,,,,295,,386,0,,17,3,,,,NO
1988-89,C. Martínez,23,12,,46,5,11,1,0,1,4,1,,,,239,,326,0,,15,2,,,,NO
2016-17,C. Marrero,30,4,17,15,2,3,0,0,1,3,0,0,2,6,0.2,294,0.4,694,1.8,6,1,0,0,0,NO
1988-89,C. Kreuter,24,12,,34,4,9,0,0,1,3,0,,,,265,,353,0,,12,1,,,,NO
2000-01,C. Jones,35,12,,45,7,14,1,1,0,5,2,,,,311,,378,0,,17,2,,,,NO
1977-78,C. Hurdle,20,6,,17,4,4,1,0,2,10,0,,,,235,,647,0,,11,3,,,,NO
1983-84,C. Hurdle,26,6,,20,1,4,1,0,1,3,0,,,,0.2,,0.4,0,,8,2,,,,NO
1979-80,C. Hurdle,22,7,,21,2,1,0,0,0,0,0,,,,48,,48,0,,1,0,,,,NO
2016-17,C. Herrera,20,4,2,2,0,1,0,0,0,1,1,0,0,0,0.5,0.5,0.5,1,0.5,1,0,0,0,0,NO
1976-77,C. Gaston,32,2,,8,1,3,1,0,0,4,0,,,,375,,0.5,0,,4,1,,,,NO
2003-04,C. Duran,21,4,,3,0,0,0,0,0,0,0,,,,0,,0,0,,0,0,,,,NO
1991-92,C. Curtis,23,11,,40,5,14,2,1,0,6,2,,,,0.35,,0.45,0,,18,3,,,,NO
2003-04,C. Colon,34,5,,15,1,2,0,0,0,2,0,,,,133,,133,0,,2,0,,,,NO
2000-01,C. Colon,31,13,,42,2,8,1,0,0,4,0,,,,0.19,,214,0,,9,1,,,,NO
2015-16,C. Colmenares,29,1,1,1,0,0,0,0,0,0,0,0,0,0,0,0,0,0,0,0,0,0,0,0,NO
2014-15,C. Colmenares,28,3,4,4,1,1,0,0,0,0,0,0,0,0,0.25,0.25,0.25,0.5,0.3,1,0,0,0,0,NO
2015-16,C. Arroyo,22,1,0,0,1,0,0,0,0,0,0,0,0,0,,,,,,0,0,0,0,0,NO
2013-14,B. Valera,21,4,12,12,6,7,1,0,0,3,0,0,0,1,583,583,667,1.25,4.7,8,1,0,0,0,SI
1979-80,B. Martínez,31,7,,20,2,7,3,0,0,3,0,,,,0.35,,0.5,0,,10,3,,,,NO
1981-82,B. Johnson,22,4,,10,0,1,1,0,0,0,0,,,,0.1,,0.2,0,,2,1,,,,NO
2000-01,B. Jacobsen,25,3,,8,0,0,0,0,0,0,0,,,,0,,0,0,,0,0,,,,NO
1980-81,B. Harper,21,6,,23,0,6,0,0,0,2,0,,,,261,,261,0,,6,0,,,,NO
1986-87,B. Fields,26,5,,17,1,5,0,0,0,1,2,,,,294,,294,0,,5,0,,,,NO
1966-67,B. Faul,26,4,,5,2,2,1,0,0,0,0,,,,0.4,,0.6,0,,3,1,,,,NO
1972-73,B. Butler,25,2,,2,0,0,0,0,0,0,0,,,,0,,0,0,,0,0,,,,SI
2015-16,B. Burgamy,34,13,56,43,7,14,4,0,3,12,0,0,13,10,326,482,628,1.11,13,27,7,0,0,0,NO
1965-66,B. Burda,27,6,,20,0,2,0,0,0,1,0,,,,0.1,,0.1,0,,2,0,,,,NO
1982-83,B. Brown,28,5,,16,2,4,1,0,1,2,0,,,,0.25,,0.5,0,,8,2,,,,NO
1965-66,B. Brandon,25,5,,5,1,1,0,0,1,2,0,,,,0.2,,0.8,0,,4,1,,,,NO
1983-84,B. Bochy,28,6,,18,2,7,1,0,0,3,0,,,,389,,444,0,,8,1,,,,NO
1982-83,B. Bochy,27,6,,21,4,8,2,1,1,3,0,,,,381,,714,0,,15,4,,,,NO
1984-85,B. Benton,27,5,,18,3,9,1,1,0,2,0,,,,0.5,,667,0,,12,2,,,,NO
1982-83,A. Salazar,21,1,,1,0,0,0,0,0,0,0,,,,0,,0,0,,0,0,,,,NO
1981-82,A. Salazar,20,3,,10,0,1,0,0,0,0,0,,,,0.1,,0.1,0,,1,0,,,,NO
1986-87,A. Salazar,25,3,,11,1,3,1,0,0,2,0,,,,273,,364,0,,4,1,,,,NO
1983-84,A. Salazar,22,6,,20,0,2,0,0,0,1,0,,,,0.1,,0.1,0,,2,0,,,,NO
1985-86,A. Salazar,24,6,,20,3,8,1,0,0,3,0,,,,0.4,,0.45,0,,9,1,,,,NO
1984-85,A. Salazar,23,6,,21,1,4,1,1,0,4,0,,,,0.19,,333,0,,7,2,,,,NO
2008-09,A. Rodríguez,16,6,3,3,1,0,0,0,0,0,0,0,0,0,0,0,0,0,0,0,0,0,0,0,NO
2009-10,A. Rodríguez,17,1,4,4,0,1,0,0,0,1,0,0,0,0,0.25,0.25,0.25,0.5,0.3,1,0,0,0,0,NO
1966-67,A. Phillips,25,6,,26,4,6,1,0,1,4,0,,,,231,,385,0,,10,2,,,,NO
1986-87,A. Pedrique,26,5,,19,3,9,1,0,0,2,1,,,,474,,526,0,,10,1,,,,NO
1985-86,A. Pedrique,25,6,,23,5,8,0,0,0,1,0,,,,348,,348,0,,8,0,,,,NO
1988-89,A. Pedrique,28,12,,30,3,4,0,0,0,1,0,,,,133,,133,0,,4,0,,,,NO
1965-66,A. Ortiz,20,3,,2,0,0,0,0,0,0,0,,,,0,,0,0,,0,0,,,,NO
2014-15,A. Nieves,29,7,11,9,1,4,1,1,0,1,0,0,2,2,444,545,778,1323,3.8,7,2,0,0,0,NO
2013-14,A. Nieves,28,9,29,25,1,5,1,0,0,2,0,0,4,6,0.2,0.31,0.24,0.55,1.9,6,1,0,0,0,NO
1971-72,A. Monteagudo,28,2,,1,0,0,0,0,0,0,0,,,,0,,0,0,,0,0,,,,NO
1969-70,A. Monteagudo,26,2,,3,0,0,0,0,0,0,0,,,,0,,0,0,,0,0,,,,NO
1970-71,A. Monteagudo,27,1,,3,0,0,0,0,0,0,0,,,,0,,0,0,,0,0,,,,NO
2016-17,A. Harris,27,12,48,39,7,8,1,0,0,2,2,3,8,9,205,354,231,585,3.2,9,1,1,0,0,NO
2016-17,A. González,33,11,46,43,1,9,0,0,1,5,0,1,2,4,209,244,279,524,2.9,12,1,0,1,0,NO
2015-16,A. González,32,13,63,57,7,14,0,0,0,7,0,0,3,4,246,283,246,529,4,14,0,0,3,0,NO
2014-15,A. González,31,15,68,66,9,24,5,1,0,5,1,0,1,7,364,368,0.47,837,11.4,31,6,0,0,1,SI
2007-08,A. Freire,33,3,3,2,0,0,0,0,0,0,0,0,1,1,0,333,0,333,0,0,0,0,0,0,NO
1984-85,A. Espinoza,19,1,,1,0,0,0,0,0,0,0,,,,0,,0,0,,0,0,,,,NO
1985-86,A. Espinoza,20,3,,7,0,0,0,0,0,0,0,,,,0,,0,0,,0,0,,,,NO
2014-15,A. Escobar,28,6,23,23,5,7,1,0,1,6,0,0,0,3,304,304,478,783,3.3,11,2,0,0,0,NO
2016-17,A. Escobar,30,9,36,36,5,10,3,0,2,4,0,0,0,6,278,278,528,806,5.3,19,5,0,0,0,NO
1970-71,A. Correa,22,1,,1,0,0,0,0,0,1,0,,,,0,,0,0,,0,0,,,,NO
1971-72,A. Correa,23,4,,1,1,1,0,0,0,1,0,,,,1,,1,0,,1,0,,,,NO
1976-77,A. Correa,28,1,,1,0,0,0,0,0,0,0,,,,0,,0,0,,0,0,,,,NO
1972-73,A. Correa,24,2,,2,1,1,0,0,0,0,0,,,,0.5,,0.5,0,,1,0,,,,NO
1984-85,A. Cordova,23,3,,6,2,3,0,0,0,2,0,,,,0.5,,0.5,0,,3,0,,,,NO
1985-86,A. Cordova,24,2,,6,0,3,0,0,0,2,0,,,,0.5,,0.5,0,,3,0,,,,NO
2008-09,A. Colina,27,1,1,1,0,0,0,0,0,0,0,0,0,0,0,0,0,0,0,0,0,0,0,0,NO
2007-08,A. Colina,26,7,24,22,1,7,1,0,1,2,1,1,1,8,318,375,0.5,875,4.1,11,2,1,0,0,NO
2009-10,A. Cazana,35,2,8,7,0,0,0,0,0,0,0,0,1,0,0,125,0,125,0,0,0,0,0,0,NO
2013-14,A. Cabrera,42,16,70,51,5,16,4,0,1,16,0,0,15,7,314,486,451,937,11.2,23,5,3,0,1,NO
2015-16,A. Cabrera,44,13,58,52,5,15,2,0,2,12,0,0,3,13,288,328,442,0.77,7.5,23,4,1,0,2,NO
2007-08,A. Cabrera,36,15,67,54,10,20,4,0,3,11,0,0,11,14,0.37,478,611,1089,15.8,33,7,1,0,1,SI
2011-12,A. Cabrera,40,17,74,60,16,20,2,0,5,15,1,0,13,14,333,459,617,1076,17,37,7,1,0,0,NO
2014-15,A. Cabrera,43,16,67,61,7,15,1,0,4,10,0,0,6,11,246,313,459,772,8.8,28,5,0,0,0,NO
1974-75,A. Bumbry,27,3,,12,2,6,2,1,0,0,0,,,,0.5,,833,0,,10,3,,,,NO
1971-72,A. Bravo,29,4,,3,2,1,1,0,0,0,0,,,,333,,667,0,,2,1,,,,NO
1972-73,A. Bravo,30,3,,9,0,2,0,0,0,0,0,,,,222,,222,0,,2,0,,,,NO
1970-71,A. Bravo,28,3,,12,4,6,1,0,0,0,1,,,,0.5,,583,0,,7,1,,,,NO
1969-70,A. Bravo,27,4,,14,3,3,1,0,0,2,1,,,,214,,286,0,,4,1,,,,NO
1976-77,A. Bravo,34,4,,17,3,4,0,0,0,3,2,,,,235,,235,0,,4,0,,,,NO
1974-75,A. Bravo,32,5,,18,1,5,0,0,0,0,0,,,,278,,278,0,,5,0,,,,NO
1977-78,A. Bravo,35,6,,21,5,6,1,0,0,0,1,,,,286,,333,0,,7,1,,,,NO
1965-66,A. Bravo,23,6,,27,2,5,0,0,0,0,0,,,,185,,185,0,,5,0,,,,NO
1966-67,A. Bravo,24,6,,27,7,10,1,1,2,6,0,,,,0.37,,704,0,,19,4,,,,NO
2003-04,A. Álvarez,24,15,,60,10,12,0,0,4,7,1,,,,0.2,,0.4,0,,24,4,,,,NO
