"","years","edad","w","l","w-l%","era","g","gs","cg","sho","sv","ip","h","r","er","hr","bb","so","whip","h/9","hr/9","bb/9","so/9","so/bb","bk","refuerzo"
"1","1972-73","30","1","1","0.5000","1.04","2","2","2","","0","17.1","11","","2","","0","12","0.635","5.71","","0.00","6.23","","","NO"
"2","1972-73","32","1","1","0.5000","5.40","2","2","1","","0","15.0","19","","9","","1","4","1.333","11.40","","0.60","2.40","4.0000","","NO"
"3","1972-73","25","0","2","0.0000","14.29","2","2","0","","0","5.2","12","","9","","2","3","2.471","19.06","","3.18","4.76","1.5000","","SI"
"4","1972-73","38","0","0","","2.70","3","0","0","","0","3.1","3","","1","","1","2","1.200","8.10","","2.70","5.40","2.0000","","NO"
"5","1972-73","26","0","0","","0.00","2","0","0","","0","1.1","1","","0","","2","1","2.250","6.75","","13.50","6.75","0.5000","","NO"
"6","1972-73","26","0","0","","2.25","1","0","0","","0","4.0","5","","1","","0","1","1.250","11.25","","0.00","2.25","","","NO"
"7","1972-73","25","0","0","","16.20","2","0","0","","0","1.2","3","","3","","1","0","2.400","16.20","","5.40","0.00","0.0000","","NO"
"8","1972-73","26","0","0","","0.00","3","0","0","","0","2.1","2","","0","","0","0","0.857","7.71","","0.00","0.00","","","NO"
"9","1972-73","31","0","0","","0.00","1","0","0","","0","1.0","0","","0","","0","0","0.000","0.00","","0.00","0.00","","","NO"
"10","1972-73","0","0","0","","","1","0","0","","0","0.0","1","","0","","1","0","","","","","","0.0000","","NO"
"11","1974-75","27","0","1","0.0000","4.70","1","1","0","","0","7.2","8","","4","","5","9","1.696","9.39","","5.87","10.57","1.8000","","NO"
"12","1974-75","28","0","2","0.0000","4.96","2","2","1","","0","16.1","12","","9","","12","7","1.469","6.61","","6.61","3.86","0.5833","","NO"
"13","1974-75","24","0","0","","5.40","2","0","0","","0","3.1","3","","2","","2","4","1.500","8.10","","5.40","10.80","2.0000","","NO"
"14","1974-75","23","0","1","0.0000","3.38","1","1","0","","0","5.1","5","","2","","2","2","1.313","8.44","","3.38","3.38","1.0000","","NO"
"15","1977-78","23","0","1","0.0000","9.00","2","2","0","","0","5.0","9","","5","","8","7","3.400","16.20","","14.40","12.60","0.8750","","NO"
"16","1977-78","27","1","1","0.5000","5.14","3","0","0","","0","7.0","5","","4","","6","6","1.571","6.43","","7.71","7.71","1.0000","","NO"
"17","1977-78","0","0","0","","1.42","1","1","0","","0","6.1","8","","1","","2","5","1.579","11.37","","2.84","7.11","2.5000","","NO"
"18","1977-78","29","0","0","","0.00","2","0","0","","0","4.1","1","","0","","4","4","1.154","2.08","","8.31","8.31","1.0000","","NO"
"19","1977-78","34","1","0","1.0000","1.86","5","0","0","","0","9.2","6","","2","","3","4","0.931","5.59","","2.79","3.72","1.3333","","NO"
"20","1977-78","26","0","1","0.0000","7.71","2","2","0","","0","7.0","6","","6","","5","2","1.571","7.71","","6.43","2.57","0.4000","","NO"
"21","1977-78","22","0","0","","5.40","2","1","0","","0","6.2","9","","4","","4","2","1.950","12.15","","5.40","2.70","0.5000","","NO"
"22","1977-78","0","0","0","","9.00","1","0","0","","0","3.0","3","","3","","2","1","1.667","9.00","","6.00","3.00","0.5000","","NO"
"23","1977-78","22","0","0","","81.00","2","0","0","","0","0.1","1","","3","","2","1","9.000","27.00","","54.00","27.00","0.5000","","NO"
"24","1977-78","31","0","0","","","1","0","0","","0","0.0","1","","1","","2","0","","","","","","0.0000","","NO"
"25","1979-80","25","1","1","0.5000","1.20","2","2","1","","0","15.0","11","","2","","5","15","1.067","6.60","","3.00","9.00","3.0000","","NO"
"26","1979-80","26","0","1","0.0000","4.09","2","2","0","","0","11.0","18","","5","","4","10","2.000","14.73","","3.27","8.18","2.5000","","NO"
"27","1979-80","25","1","2","0.3333","5.25","3","2","0","","0","12.0","15","","7","","4","8","1.583","11.25","","3.00","6.00","2.0000","","NO"
"28","1979-80","27","0","0","","0.00","3","0","0","","1","9.2","7","","0","","2","5","0.931","6.52","","1.86","4.66","2.5000","","NO"
"29","1979-80","24","0","0","","0.00","3","0","0","","0","4.0","4","","0","","4","4","2.000","9.00","","9.00","9.00","1.0000","","NO"
"30","1979-80","25","1","0","1.0000","0.00","1","1","0","","0","5.0","4","","0","","0","2","0.800","7.20","","0.00","3.60","","","NO"
"31","1979-80","26","0","0","","0.00","1","0","0","","0","1.1","0","","0","","0","2","0.000","0.00","","0.00","13.50","","","NO"
"32","1980-81","26","1","0","1.0000","0.00","3","0","0","","1","5.2","4","","0","","2","7","1.059","6.35","","3.18","11.12","3.5000","","NO"
"33","1980-81","27","0","0","","1.42","3","0","0","","1","6.1","7","","1","","1","7","1.263","9.95","","1.42","9.95","7.0000","","NO"
"34","1980-81","26","0","1","0.0000","7.94","1","1","0","","0","5.2","8","","5","","3","7","1.941","12.71","","4.76","11.12","2.3333","","NO"
"35","1980-81","23","1","0","1.0000","5.40","3","0","0","","0","5.0","7","","3","","1","5","1.600","12.60","","1.80","9.00","5.0000","","NO"
"36","1980-81","27","0","2","0.0000","5.23","2","2","0","","0","10.1","13","","6","","3","5","1.548","11.32","","2.61","4.35","1.6667","","NO"
"37","1980-81","27","0","0","","3.00","3","0","0","","0","3.0","8","","1","","1","4","3.000","24.00","","3.00","12.00","4.0000","","NO"
"38","1980-81","27","0","0","","4.50","1","1","0","","0","2.0","6","","1","","0","2","3.000","27.00","","0.00","9.00","","","NO"
"39","1980-81","26","0","0","","2.70","1","1","0","","0","3.1","5","","1","","2","1","2.100","13.50","","5.40","2.70","0.5000","","NO"
"40","1980-81","25","0","0","","0.00","1","0","0","","0","1.0","0","","0","","2","1","2.000","0.00","","18.00","9.00","0.5000","","NO"
"41","1981-82","21","0","1","0.0000","6.23","1","1","0","","0","4.1","5","","3","","2","4","1.615","10.38","","4.15","8.31","2.0000","","NO"
"42","1981-82","27","0","0","","7.71","3","0","0","","0","2.1","5","","2","","2","4","3.000","19.29","","7.71","15.43","2.0000","","NO"
"43","1981-82","27","0","1","0.0000","3.52","1","1","0","","0","7.2","10","","3","","4","3","1.826","11.74","","4.70","3.52","0.7500","","NO"
"44","1981-82","28","0","0","","9.00","1","0","0","","0","2.0","4","","2","","1","2","2.500","18.00","","4.50","9.00","2.0000","","NO"
"45","1981-82","28","0","1","0.0000","9.00","1","1","0","","0","3.0","5","","3","","2","1","2.333","15.00","","6.00","3.00","0.5000","","NO"
"46","1981-82","26","0","0","","2.70","1","0","0","","0","3.1","0","","1","","2","1","0.600","0.00","","5.40","2.70","0.5000","","NO"
"47","1981-82","24","0","0","","11.57","2","0","0","","0","2.1","4","","3","","2","0","2.571","15.43","","7.71","0.00","0.0000","","NO"
"48","1983-84","29","1","1","0.5000","3.65","2","2","1","","0","12.1","10","","5","","6","9","1.297","7.30","","4.38","6.57","1.5000","","NO"
"49","1983-84","23","1","1","0.5000","2.31","2","2","0","","0","11.2","8","","3","","3","8","0.943","6.17","","2.31","6.17","2.6667","","NO"
"50","1983-84","25","0","0","","4.26","1","1","0","","0","6.1","8","","3","","0","6","1.263","11.37","","0.00","8.53","","","NO"
"51","1983-84","26","0","1","0.0000","4.91","3","0","0","","0","7.1","10","","4","","6","5","2.182","12.27","","7.36","6.14","0.8333","","NO"
"52","1983-84","29","0","0","","4.50","1","1","0","","0","6.0","6","","3","","1","2","1.167","9.00","","1.50","3.00","2.0000","","NO"
"53","1983-84","27","0","1","0.0000","0.00","3","0","0","","1","6.2","5","","0","","2","2","1.050","6.75","","2.70","2.70","1.0000","","NO"
"54","1983-84","23","0","0","","13.50","2","0","0","","0","1.1","4","","2","","1","2","3.750","27.00","","6.75","13.50","2.0000","","NO"
"55","1988-89","27","2","1","0.6667","1.64","3","3","1","","0","22.0","17","","4","","9","20","1.182","6.95","","3.68","8.18","2.2222","","NO"
"56","1988-89","20","1","0","1.0000","2.30","4","0","0","","0","15.2","7","","4","","8","14","0.957","4.02","","4.60","8.04","1.7500","","NO"
"57","1988-89","24","1","1","0.5000","2.53","3","3","0","","0","21.1","15","","6","","5","10","0.938","6.33","","2.11","4.22","2.0000","","NO"
"58","1988-89","24","1","1","0.5000","1.86","3","3","0","","0","19.1","22","","4","","3","7","1.293","10.24","","1.40","3.26","2.3333","","NO"
"59","1988-89","35","0","2","0.0000","5.40","4","0","0","","1","6.2","7","","4","","2","5","1.350","9.45","","2.70","6.75","2.5000","","NO"
"60","1988-89","22","0","2","0.0000","21.60","2","2","0","","0","3.1","12","","8","","1","3","3.900","32.40","","2.70","8.10","3.0000","","NO"
"61","1988-89","20","0","0","","1.50","3","0","0","","0","6.0","5","","1","","0","3","0.833","7.50","","0.00","4.50","","","NO"
"62","1988-89","28","0","0","","1.93","5","1","0","","0","9.1","7","","2","","4","1","1.179","6.75","","3.86","0.96","0.2500","","NO"
"63","1989-90","36","1","0","1.0000","4.15","4","0","0","","1","8.2","9","","4","","5","11","1.615","9.35","","5.19","11.42","2.2000","","NO"
"64","1989-90","24","1","0","1.0000","1.80","3","1","0","","0","10.0","12","","2","","2","7","1.400","10.80","","1.80","6.30","3.5000","","NO"
"65","1989-90","23","0","0","","5.87","3","3","0","","0","7.2","10","","5","","7","6","2.217","11.74","","8.22","7.04","0.8571","","NO"
"66","1989-90","25","1","1","0.5000","3.10","4","3","0","","0","20.1","19","","7","","6","6","1.230","8.41","","2.66","2.66","1.0000","","NO"
"67","1989-90","27","2","0","1.0000","1.15","2","2","1","","0","15.2","12","","2","","6","5","1.149","6.89","","3.45","2.87","0.8333","","NO"
"68","1989-90","35","1","0","1.0000","2.53","4","0","0","","0","10.2","9","","3","","3","5","1.125","7.59","","2.53","4.22","1.6667","","NO"
"69","1989-90","24","0","1","0.0000","3.93","3","3","0","","0","18.1","16","","8","","6","5","1.200","7.85","","2.95","2.45","0.8333","","NO"
"70","1989-90","21","1","0","1.0000","1.50","4","0","0","","0","6.0","5","","1","","3","3","1.333","7.50","","4.50","4.50","1.0000","","NO"
"71","1989-90","19","0","1","0.0000","0.00","2","0","0","","0","2.2","1","","0","","1","2","0.750","3.38","","3.38","6.75","2.0000","","NO"
"72","1989-90","21","0","2","0.0000","4.50","7","0","0","","1","8.0","7","","4","","6","2","1.625","7.87","","6.75","2.25","0.3333","","NO"
"73","1989-90","0","0","0","","","1","0","0","","0","0.0","0","","0","","1","0","","","","","","0.0000","","NO"
"74","1991-92","30","0","1","0.0000","1.80","6","0","0","","2","10.0","6","","2","","8","11","1.400","5.40","","7.20","9.90","1.3750","","NO"
"75","1991-92","23","0","2","0.0000","3.57","5","3","0","","2","17.2","18","","7","","6","9","1.358","9.17","","3.06","4.58","1.5000","","NO"
"76","1991-92","25","3","0","1.0000","1.83","3","3","0","","0","19.2","12","","4","","7","8","0.966","5.49","","3.20","3.66","1.1429","","SI"
"77","1991-92","0","1","1","0.5000","1.26","3","2","0","","0","14.1","11","","2","","1","6","0.837","6.91","","0.63","3.77","6.0000","","NO"
"78","1991-92","27","1","0","1.0000","2.57","1","1","0","","0","7.0","3","","2","","3","6","0.857","3.86","","3.86","7.71","2.0000","","NO"
"79","1991-92","23","0","0","","3.52","6","0","0","","0","7.2","7","","3","","2","2","1.174","8.22","","2.35","2.35","1.0000","","NO"
"80","1991-92","19","0","1","0.0000","4.00","2","1","0","","0","9.0","13","","4","","1","2","1.556","13.00","","1.00","2.00","2.0000","","NO"
"81","1991-92","23","0","0","","4.15","3","0","0","","0","8.2","7","","4","","2","1","1.038","7.27","","2.08","1.04","0.5000","","NO"
"82","1991-92","27","0","1","0.0000","5.79","5","0","0","","0","4.2","9","","3","","3","0","2.571","17.36","","5.79","0.00","0.0000","","NO"
"83","1991-92","25","0","0","","0.00","2","0","0","","0","0.2","2","","0","","1","0","4.500","27.00","","13.50","0.00","0.0000","","NO"
"84","1991-92","18","0","0","","9.00","1","0","0","","0","3.0","5","","3","","0","0","1.667","15.00","","0.00","0.00","","","NO"
"85","1991-92","24","0","1","0.0000","14.40","2","2","0","","0","5.0","10","","8","","2","0","2.400","18.00","","3.60","0.00","0.0000","","NO"
"86","2000-01","28","1","1","0.5000","2.12","6","1","0","","0","17.0","12","","4","","7","18","1.118","6.35","","3.71","9.53","2.5714","","NO"
"87","2000-01","25","0","2","0.0000","5.93","3","3","0","","0","13.2","22","","9","","4","12","1.902","14.49","","2.63","7.90","3.0000","","NO"
"88","2000-01","34","2","1","0.6667","4.30","6","1","0","","1","14.2","15","","7","","3","10","1.227","9.20","","1.84","6.14","3.3333","","SI"
"89","2000-01","28","1","3","0.2500","2.57","4","4","1","","0","28.0","24","","8","","3","7","0.964","7.71","","0.96","2.25","2.3333","","NO"
"90","2000-01","23","0","0","","3.09","2","2","0","","0","11.2","5","","4","","3","6","0.686","3.86","","2.31","4.63","2.0000","","NO"
"91","2000-01","21","0","1","0.0000","7.94","6","0","0","","2","5.2","6","","5","","3","6","1.588","9.53","","4.76","9.53","2.0000","","NO"
"92","2000-01","25","0","0","","4.61","3","2","0","","0","13.2","15","","7","","5","4","1.463","9.88","","3.29","2.63","0.8000","","NO"
"93","2000-01","22","1","2","0.3333","8.10","3","3","0","","0","10.0","13","","9","","6","4","1.900","11.70","","5.40","3.60","0.6667","","NO"
"94","2000-01","28","0","1","0.0000","2.70","6","0","0","","0","6.2","6","","2","","2","3","1.200","8.10","","2.70","4.05","1.5000","","NO"
"95","2000-01","23","0","0","","18.00","6","0","0","","0","3.0","5","","6","","2","3","2.333","15.00","","6.00","9.00","1.5000","","NO"
"96","2000-01","34","0","0","","3.24","6","0","0","","1","8.1","10","","3","","2","2","1.440","10.80","","2.16","2.16","1.0000","","NO"
"97","2000-01","32","0","0","","10.13","1","0","0","","0","2.2","6","","3","","0","1","2.250","20.25","","0.00","3.38","","","NO"
"98","2000-01","18","0","0","","4.50","2","0","0","","0","2.0","2","","1","","1","1","1.500","9.00","","4.50","4.50","1.0000","","NO"
"99","2000-01","26","0","0","","10.13","2","0","0","","0","2.2","4","","3","","0","1","1.500","13.50","","0.00","3.38","","","NO"
"100","2000-01","18","0","0","","15.19","5","0","0","","0","5.1","13","","9","","2","1","2.813","21.94","","3.38","1.69","0.5000","","NO"
"101","2000-01","21","0","0","","18.00","2","0","0","","0","1.0","1","","2","","2","0","3.000","9.00","","18.00","0.00","0.0000","","NO"
"102","2003-04","21","0","1","0.0000","1.74","9","0","0","","5","10.1","7","","2","","3","18","0.968","6.10","","2.61","15.68","6.0000","","NO"
"103","2003-04","24","0","1","0.0000","3.45","3","3","0","","0","15.2","15","","6","","3","15","1.149","8.62","","1.72","8.62","5.0000","","SI"
"104","2003-04","28","2","1","0.6667","1.45","3","3","0","","0","18.2","21","","3","","3","11","1.286","10.13","","1.45","5.30","3.6667","","SI"
"105","2003-04","31","0","3","0.0000","10.57","4","4","0","","0","15.1","29","","18","","4","10","2.152","17.02","","2.35","5.87","2.5000","","NO"
"106","2003-04","31","1","0","1.0000","0.00","2","2","0","","0","13.2","7","","0","","2","10","0.659","4.61","","1.32","6.59","5.0000","","SI"
"107","2003-04","25","1","0","1.0000","1.69","8","0","0","","1","10.2","6","","2","","2","7","0.750","5.06","","1.69","5.91","3.5000","","NO"
"108","2003-04","20","0","0","","5.40","3","1","0","","0","8.1","13","","5","","1","7","1.680","14.04","","1.08","7.56","7.0000","","NO"
"109","2003-04","30","1","1","0.5000","7.04","2","2","0","","0","7.2","10","","6","","6","6","2.087","11.74","","7.04","7.04","1.0000","","NO"
"110","2003-04","21","0","0","","1.69","5","0","0","","0","5.1","4","","1","","1","6","0.938","6.75","","1.69","10.13","6.0000","","NO"
"111","2003-04","31","0","0","","7.36","5","0","0","","0","7.1","10","","6","","6","6","2.182","12.27","","7.36","7.36","1.0000","","NO"
"112","2003-04","24","0","1","0.0000","4.05","5","0","0","","0","6.2","7","","3","","1","5","1.200","9.45","","1.35","6.75","5.0000","","NO"
"113","2003-04","25","1","0","1.0000","0.00","6","0","0","","0","3.2","1","","0","","1","5","0.545","2.45","","2.45","12.27","5.0000","","NO"
"114","2003-04","21","1","0","1.0000","5.68","6","0","0","","0","6.1","5","","4","","2","4","1.105","7.11","","2.84","5.68","2.0000","","NO"
"115","2003-04","30","0","0","","15.43","4","0","0","","0","2.1","4","","4","","3","3","3.000","15.43","","11.57","11.57","1.0000","","NO"
"116","2003-04","22","0","0","","6.75","4","0","0","","0","1.1","0","","1","","1","2","0.750","0.00","","6.75","13.50","2.0000","","NO"
"117","2003-04","22","1","0","1.0000","3.00","2","1","0","","0","6.0","8","","2","","1","2","1.500","12.00","","1.50","3.00","2.0000","","NO"
"118","2003-04","21","0","0","","0.00","1","0","0","","0","1.0","0","","0","","0","0","0.000","0.00","","0.00","0.00","","","NO"
"119","2007-08","24","3","0","1.0000","1.96","4","4","0","0","0","23.0","18","5","5","0","4","24","0.957","7.04","0.00","1.57","9.39","6.0000","0","SI"
"120","2007-08","25","0","1","0.0000","0.00","7","0","0","0","4","8.1","4","1","0","0","1","13","0.600","4.32","0.00","1.08","14.04","13.0000","0","NO"
"121","2007-08","28","2","2","0.5000","3.57","4","4","0","0","0","22.2","28","12","9","2","5","13","1.456","11.12","0.79","1.99","5.16","2.6000","0","NO"
"122","2007-08","33","2","1","0.6667","4.34","4","4","0","0","0","18.2","22","10","9","1","9","12","1.661","10.61","0.48","4.34","5.79","1.3333","0","NO"
"123","2007-08","25","0","2","0.0000","7.62","3","3","0","0","0","13.0","19","12","11","2","4","7","1.769","13.15","1.38","2.77","4.85","1.7500","0","NO"
"124","2007-08","26","0","0","","2.57","5","0","0","0","0","7.0","5","2","2","0","2","5","1.000","6.43","0.00","2.57","6.43","2.5000","0","NO"
"125","2007-08","21","0","0","","2.08","5","0","0","0","0","4.1","5","1","1","1","1","4","1.385","10.38","2.08","2.08","8.31","4.0000","0","NO"
"126","2007-08","29","0","0","","0.00","3","0","0","0","0","3.0","4","0","0","0","3","3","2.333","12.00","0.00","9.00","9.00","1.0000","0","NO"
"127","2007-08","29","0","0","","6.43","7","0","0","0","0","7.0","8","5","5","0","3","3","1.571","10.29","0.00","3.86","3.86","1.0000","0","SI"
"128","2007-08","24","0","1","0.0000","2.84","3","1","0","0","0","6.1","9","3","2","0","2","2","1.737","12.79","0.00","2.84","2.84","1.0000","0","NO"
"129","2007-08","25","0","0","","3.60","7","0","0","0","0","5.0","10","3","2","0","2","2","2.400","18.00","0.00","3.60","3.60","1.0000","0","NO"
"130","2007-08","36","0","0","","0.00","6","0","0","0","1","7.0","5","0","0","0","2","1","1.000","6.43","0.00","2.57","1.29","0.5000","0","NO"
"131","2007-08","27","0","0","","0.00","2","0","0","0","0","3.1","2","0","0","0","0","1","0.600","5.40","0.00","0.00","2.70","","0","NO"
"132","2007-08","23","0","0","","0.00","1","0","0","0","0","1.2","1","0","0","0","0","1","0.600","5.40","0.00","0.00","5.40","","0","NO"
"133","2007-08","32","0","1","0.0000","12.00","3","0","0","0","0","3.0","6","4","4","1","0","0","2.000","18.00","3.00","0.00","0.00","","0","NO"
"134","2007-08","22","0","0","","18.00","1","0","0","0","0","1.0","3","2","2","0","1","0","4.000","27.00","0.00","9.00","0.00","0.0000","0","NO"
"135","2007-08","21","0","0","","67.50","1","0","0","0","0","0.2","5","5","5","0","0","0","7.500","67.50","0.00","0.00","0.00","","0","NO"
"136","2007-08","24","0","1","0.0000","2.84","4","0","0","0","0","6.1","9","3","2","1","1","0","1.579","12.79","1.42","1.42","0.00","0.0000","0","NO"
"137","2007-08","26","0","0","","6.75","7","0","0","0","0","2.2","5","2","2","0","0","0","1.875","16.88","0.00","0.00","0.00","","0","NO"
"138","2008-09","34","3","0","1.0000","1.61","4","4","0","0","0","22.1","16","4","4","1","14","17","1.343","6.45","0.40","5.64","6.85","1.2143","0","NO"
"139","2008-09","30","1","2","0.3333","4.50","5","5","0","0","0","26.0","33","13","13","2","6","14","1.500","11.42","0.69","2.08","4.85","2.3333","0","NO"
"140","2008-09","26","2","1","0.6667","3.38","4","4","0","0","0","24.0","16","10","9","2","3","11","0.792","6.00","0.75","1.12","4.12","3.6667","0","NO"
"141","2008-09","26","0","0","","0.00","6","0","0","0","6","7.0","3","0","0","0","3","8","0.857","3.86","0.00","3.86","10.29","2.6667","0","NO"
"142","2008-09","27","0","0","","2.19","5","0","0","0","0","12.1","5","3","3","1","0","8","0.405","3.65","0.73","0.00","5.84","","0","NO"
"143","2008-09","31","0","1","0.0000","4.82","2","2","0","0","0","9.1","7","5","5","0","5","6","1.286","6.75","0.00","4.82","5.79","1.2000","0","NO"
"144","2008-09","29","0","2","0.0000","9.72","7","2","0","0","0","8.1","12","11","9","3","4","5","1.920","12.96","3.24","4.32","5.40","1.2500","0","SI"
"145","2008-09","35","1","1","0.5000","3.95","8","0","0","0","0","13.2","11","7","6","2","6","4","1.244","7.24","1.32","3.95","2.63","0.6667","0","NO"
"146","2008-09","18","0","0","","3.86","3","0","0","0","0","2.1","2","1","1","0","2","4","1.714","7.71","0.00","7.71","15.43","2.0000","0","NO"
"147","2008-09","26","0","0","","0.00","2","0","0","0","0","1.1","1","0","0","0","0","3","0.750","6.75","0.00","0.00","20.25","","0","NO"
"148","2008-09","26","1","0","1.0000","3.86","9","0","0","0","0","9.1","10","4","4","1","4","2","1.500","9.64","0.96","3.86","1.93","0.5000","0","NO"
"149","2008-09","25","0","0","","10.13","6","0","0","0","0","5.1","9","6","6","2","3","2","2.250","15.19","3.38","5.06","3.38","0.6667","0","NO"
"150","2008-09","27","1","1","0.5000","16.20","3","0","0","0","0","1.2","7","3","3","0","1","1","4.800","37.80","0.00","5.40","5.40","1.0000","0","SI"
"151","2008-09","26","0","0","","36.00","2","0","0","0","0","1.0","5","4","4","2","1","0","6.000","45.00","18.00","9.00","0.00","0.0000","0","NO"
"152","2008-09","37","0","0","","13.50","2","0","0","0","0","2.0","3","3","3","2","0","0","1.500","13.50","9.00","0.00","0.00","","0","NO"
"153","2008-09","28","0","0","","0.00","2","0","0","0","0","3.0","3","2","0","0","1","0","1.333","9.00","0.00","3.00","0.00","0.0000","0","NO"
"154","2008-09","21","0","0","","0.00","1","0","0","0","0","1.0","1","0","0","0","0","0","1.000","9.00","0.00","0.00","0.00","","0","NO"
"155","2009-10","27","1","1","0.5000","3.63","4","4","0","0","0","22.1","20","10","9","1","5","17","1.119","8.06","0.40","2.01","6.85","3.4000","0","SI"
"156","2009-10","27","2","1","0.6667","4.08","4","4","0","0","0","17.2","20","9","8","1","9","11","1.642","10.19","0.51","4.58","5.60","1.2222","0","NO"
"157","2009-10","27","0","0","","4.91","7","0","0","0","5","7.1","6","4","4","1","1","10","0.955","7.36","1.23","1.23","12.27","10.0000","0","NO"
"158","2009-10","34","0","2","0.0000","4.80","4","4","0","0","0","15.0","21","13","8","1","5","10","1.733","12.60","0.60","3.00","6.00","2.0000","0","NO"
"159","2009-10","23","1","3","0.2500","9.56","4","4","0","0","0","16.0","26","18","17","0","6","9","2.000","14.62","0.00","3.38","5.06","1.5000","1","SI"
"160","2009-10","31","0","1","0.0000","3.24","10","0","0","0","0","8.1","6","5","3","1","7","8","1.560","6.48","1.08","7.56","8.64","1.1429","0","NO"
"161","2009-10","24","1","0","1.0000","1.17","5","0","0","0","0","7.2","6","1","1","1","2","7","1.043","7.04","1.17","2.35","8.22","3.5000","0","NO"
"162","2009-10","39","1","0","1.0000","1.93","5","0","0","0","0","4.2","4","1","1","0","0","6","0.857","7.71","0.00","0.00","11.57","","0","NO"
"163","2009-10","36","0","0","","9.28","7","0","0","0","0","10.2","12","11","11","1","4","5","1.500","10.13","0.84","3.38","4.22","1.2500","0","NO"
"164","2009-10","23","0","0","","1.42","4","0","0","0","0","6.1","5","1","1","0","6","4","1.737","7.11","0.00","8.53","5.68","0.6667","0","NO"
"165","2009-10","32","1","0","1.0000","5.14","7","0","0","0","0","7.0","9","4","4","1","4","4","1.857","11.57","1.29","5.14","5.14","1.0000","0","NO"
"166","2009-10","33","0","0","","0.00","2","0","0","0","0","4.0","0","0","0","0","0","3","0.000","0.00","0.00","0.00","6.75","","0","NO"
"167","2009-10","21","0","0","","8.10","3","0","0","0","0","3.1","5","3","3","1","2","3","2.100","13.50","2.70","5.40","8.10","1.5000","0","NO"
"168","2009-10","27","0","0","","12.00","3","0","0","0","0","3.0","4","4","4","0","1","2","1.667","12.00","0.00","3.00","6.00","2.0000","0","NO"
"169","2009-10","31","0","1","0.0000","5.40","2","0","0","0","0","1.2","1","1","1","0","2","1","1.800","5.40","0.00","10.80","5.40","0.5000","0","NO"
"170","2009-10","25","0","0","","5.40","3","0","0","0","0","1.2","1","1","1","0","1","1","1.200","5.40","0.00","5.40","5.40","1.0000","0","NO"
"171","2009-10","21","0","0","","0.00","1","0","0","0","0","2.0","1","0","0","0","0","0","0.500","4.50","0.00","0.00","0.00","","0","NO"
"172","2009-10","19","0","0","","","1","0","0","0","0","0.0","1","0","0","0","0","0","","","","","","","0","NO"
"173","2009-10","28","0","0","","13.50","1","0","0","0","0","1.1","4","2","2","0","0","0","3.000","27.00","0.00","0.00","0.00","","0","NO"
"174","2013-14","28","0","0","","10.38","5","3","0","0","0","13.0","18","16","15","2","7","15","1.923","12.46","1.38","4.85","10.38","2.1429","0","NO"
"175","2013-14","30","0","2","0.0000","6.17","4","3","0","0","0","11.2","14","11","8","0","8","10","1.886","10.80","0.00","6.17","7.71","1.2500","0","NO"
"176","2013-14","27","2","0","1.0000","3.27","2","2","0","0","0","11.0","10","4","4","2","1","10","1.000","8.18","1.64","0.82","8.18","10.0000","0","NO"
"177","2013-14","29","0","0","","2.13","4","2","0","0","0","12.2","16","6","3","1","6","9","1.737","11.37","0.71","4.26","6.39","1.5000","0","NO"
"178","2013-14","29","0","0","","4.26","7","0","0","0","0","6.1","12","7","3","1","4","9","2.526","17.05","1.42","5.68","12.79","2.2500","0","NO"
"179","2013-14","23","0","1","0.0000","4.50","2","2","0","0","0","10.0","10","5","5","3","2","9","1.200","9.00","2.70","1.80","8.10","4.5000","0","NO"
"180","2013-14","32","0","0","","6.75","6","0","0","0","0","5.1","6","4","4","1","2","6","1.500","10.13","1.69","3.38","10.13","3.0000","0","NO"
"181","2013-14","31","1","2","0.3333","5.68","8","0","0","0","0","6.1","7","4","4","0","6","6","2.053","9.95","0.00","8.53","8.53","1.0000","0","NO"
"182","2013-14","23","0","0","","6.75","8","0","0","0","0","6.2","8","6","5","1","8","5","2.400","10.80","1.35","10.80","6.75","0.6250","0","NO"
"183","2013-14","23","1","0","1.0000","2.70","9","0","0","0","0","6.2","8","4","2","0","4","5","1.800","10.80","0.00","5.40","6.75","1.2500","1","SI"
"184","2013-14","29","0","0","","6.75","5","0","0","0","0","4.0","5","3","3","1","3","4","2.000","11.25","2.25","6.75","9.00","1.3333","0","NO"
"185","2013-14","34","0","1","0.0000","8.31","5","0","0","0","0","4.1","5","4","4","1","2","4","1.615","10.38","2.08","4.15","8.31","2.0000","0","NO"
"186","2013-14","29","1","2","0.3333","4.00","10","0","0","0","0","9.0","5","4","4","0","8","4","1.444","5.00","0.00","8.00","4.00","0.5000","0","NO"
"187","2013-14","34","0","0","","4.32","2","1","0","0","0","8.1","8","4","4","0","3","3","1.320","8.64","0.00","3.24","3.24","1.0000","0","NO"
"188","2013-14","27","0","1","0.0000","3.38","3","0","0","0","0","2.2","1","1","1","0","1","3","0.750","3.38","0.00","3.38","10.13","3.0000","0","NO"
"189","2013-14","25","0","0","","7.11","2","2","0","0","0","6.1","11","5","5","0","2","3","2.053","15.63","0.00","2.84","4.26","1.5000","0","NO"
"190","2013-14","32","0","1","0.0000","9.95","2","1","0","0","0","6.1","10","7","7","1","2","2","1.895","14.21","1.42","2.84","2.84","1.0000","0","SI"
"191","2013-14","31","0","1","0.0000","15.75","5","0","0","0","1","4.0","9","7","7","2","3","2","3.000","20.25","4.50","6.75","4.50","0.6667","0","NO"
"192","2013-14","25","0","0","","0.00","2","0","0","0","0","4.0","2","1","0","0","2","1","1.000","4.50","0.00","4.50","2.25","0.5000","0","NO"
"193","2013-14","33","0","0","","3.38","6","0","0","0","0","2.2","1","1","1","0","2","1","1.125","3.38","0.00","6.75","3.38","0.5000","0","NO"
"194","2013-14","31","0","0","","0.00","1","0","0","0","0","1.0","1","0","0","0","1","1","2.000","9.00","0.00","9.00","9.00","1.0000","0","NO"
"195","2013-14","31","0","0","","","1","0","0","0","0","0.0","3","4","4","0","1","0","","","","","","0.0000","0","NO"
"196","2014-15","29","1","2","0.3333","5.00","4","3","0","0","0","18.0","22","10","10","2","4","22","1.444","11.00","1.00","2.00","11.00","5.5000","0","NO"
"197","2014-15","32","1","0","1.0000","2.79","4","4","0","0","0","19.1","18","6","6","2","8","15","1.345","8.38","0.93","3.72","6.98","1.8750","0","NO"
"198","2014-15","29","2","0","1.0000","2.81","3","3","0","0","0","16.0","16","6","5","0","9","11","1.562","9.00","0.00","5.06","6.19","1.2222","0","NO"
"199","2014-15","28","0","3","0.0000","8.00","4","4","0","0","0","18.0","28","16","16","1","4","10","1.778","14.00","0.50","2.00","5.00","2.5000","0","NO"
"200","2014-15","30","0","0","","5.14","3","2","0","0","0","7.0","7","5","4","0","2","6","1.286","9.00","0.00","2.57","7.71","3.0000","0","NO"
"201","2014-15","32","0","0","","6.75","7","0","0","0","0","6.2","6","5","5","0","4","4","1.500","8.10","0.00","5.40","5.40","1.0000","0","NO"
"202","2014-15","32","1","0","1.0000","4.76","8","0","0","0","0","5.2","8","3","3","1","1","4","1.588","12.71","1.59","1.59","6.35","4.0000","0","NO"
"203","2014-15","21","0","0","","4.50","2","0","0","0","0","2.0","3","1","1","0","1","3","2.000","13.50","0.00","4.50","13.50","3.0000","0","NO"
"204","2014-15","29","0","1","0.0000","3.86","8","0","0","0","0","9.1","6","5","4","1","3","3","0.964","5.79","0.96","2.89","2.89","1.0000","0","SI"
"205","2014-15","32","0","1","0.0000","4.91","5","0","0","0","2","3.2","1","2","2","1","2","3","0.818","2.45","2.45","4.91","7.36","1.5000","0","NO"
"206","2014-15","32","0","1","0.0000","3.60","5","0","0","0","0","5.0","4","4","2","0","3","3","1.400","7.20","0.00","5.40","5.40","1.0000","0","SI"
"207","2014-15","21","0","0","","0.00","2","0","0","0","0","2.0","0","0","0","0","0","2","0.000","0.00","0.00","0.00","9.00","","0","NO"
"208","2014-15","28","0","0","","5.40","2","0","0","0","1","1.2","2","1","1","0","1","2","1.800","10.80","0.00","5.40","10.80","2.0000","0","NO"
"209","2014-15","40","0","0","","9.82","6","0","0","0","1","3.2","7","4","4","1","0","2","1.909","17.18","2.45","0.00","4.91","","0","SI"
"210","2014-15","24","0","1","0.0000","7.36","8","0","0","0","0","3.2","7","3","3","1","0","1","1.909","17.18","2.45","0.00","2.45","","0","NO"
"211","2014-15","29","0","0","","4.50","7","0","0","0","0","6.0","4","3","3","1","6","1","1.667","6.00","1.50","9.00","1.50","0.1667","0","NO"
"212","2014-15","32","0","1","0.0000","6.00","3","0","0","0","0","3.0","4","5","2","0","2","1","2.000","12.00","0.00","6.00","3.00","0.5000","0","NO"
"213","2014-15","21","0","0","","6.75","5","0","0","0","0","4.0","5","3","3","0","1","1","1.500","11.25","0.00","2.25","2.25","1.0000","0","NO"
"214","2014-15","28","0","0","","4.50","2","0","0","0","0","2.0","3","2","1","0","1","1","2.000","13.50","0.00","4.50","4.50","1.0000","0","NO"
"215","2014-15","24","0","1","0.0000","27.00","3","0","0","0","0","1.1","6","4","4","0","1","1","5.250","40.50","0.00","6.75","6.75","1.0000","0","NO"
"216","2014-15","24","0","0","","0.00","1","0","0","0","0","1.1","2","0","0","0","0","0","1.500","13.50","0.00","0.00","0.00","","0","NO"
"217","2014-15","26","0","0","","0.00","1","0","0","0","0","1.0","0","0","0","0","0","0","0.000","0.00","0.00","0.00","0.00","","0","NO"
"218","2014-15","32","0","0","","0.00","1","0","0","0","0","1.0","1","0","0","0","0","0","1.000","9.00","0.00","0.00","0.00","","0","NO"
"219","2015-16","33","1","1","0.5000","5.19","4","4","0","0","0","17.1","19","10","10","0","8","18","1.558","9.87","0.00","4.15","9.35","2.2500","0","NO"
"220","2015-16","26","1","1","0.5000","5.19","4","4","0","0","0","17.1","24","11","10","1","6","10","1.731","12.46","0.52","3.12","5.19","1.6667","0","SI"
"221","2015-16","28","1","0","1.0000","1.80","5","0","0","0","1","5.0","3","1","1","0","3","8","1.200","5.40","0.00","5.40","14.40","2.6667","0","NO"
"222","2015-16","32","1","1","0.5000","3.94","4","3","0","0","0","16.0","15","8","7","0","5","7","1.250","8.44","0.00","2.81","3.94","1.4000","0","NO"
"223","2015-16","29","0","0","","7.20","6","0","0","0","0","5.0","10","7","4","0","5","5","3.000","18.00","0.00","9.00","9.00","1.0000","0","NO"
"224","2015-16","31","1","0","1.0000","4.15","5","0","0","0","0","4.1","4","2","2","1","3","5","1.615","8.31","2.08","6.23","10.38","1.6667","0","SI"
"225","2015-16","23","0","0","","0.00","4","0","0","0","0","5.2","2","0","0","0","3","5","0.882","3.18","0.00","4.76","7.94","1.6667","0","NO"
"226","2015-16","27","1","0","1.0000","0.79","10","0","0","0","0","11.1","10","2","1","0","2","4","1.059","7.94","0.00","1.59","3.18","2.0000","0","NO"
"227","2015-16","26","0","1","0.0000","11.57","1","1","0","0","0","2.1","6","6","3","0","2","2","3.429","23.14","0.00","7.71","7.71","1.0000","0","SI"
"228","2015-16","29","0","0","","5.06","2","1","0","0","0","5.1","6","3","3","1","0","2","1.125","10.13","1.69","0.00","3.38","","0","NO"
"229","2015-16","20","0","0","","7.71","8","0","0","0","0","4.2","2","4","4","0","3","2","1.071","3.86","0.00","5.79","3.86","0.6667","0","NO"
"230","2015-16","33","0","0","","8.31","5","0","0","0","0","4.1","8","4","4","1","3","1","2.538","16.62","2.08","6.23","2.08","0.3333","0","NO"
"231","2015-16","31","1","0","1.0000","6.75","7","0","0","0","0","2.2","2","2","2","0","2","1","1.500","6.75","0.00","6.75","3.38","0.5000","0","NO"
"232","2015-16","33","0","0","","3.86","3","0","0","0","0","2.1","3","1","1","1","3","1","2.571","11.57","3.86","11.57","3.86","0.3333","0","NO"
"233","2015-16","25","0","1","0.0000","5.40","5","0","0","0","0","1.2","2","1","1","1","1","1","1.800","10.80","5.40","5.40","5.40","1.0000","0","NO"
"234","2015-16","25","0","0","","0.00","1","0","0","0","0","0.1","0","0","0","0","0","0","0.000","0.00","0.00","0.00","0.00","","0","NO"
"235","2015-16","28","0","1","0.0000","8.10","7","0","0","0","0","6.2","10","7","6","0","3","0","1.950","13.50","0.00","4.05","0.00","0.0000","0","NO"
"236","2015-16","29","0","0","","27.00","3","0","0","0","0","0.2","3","2","2","0","1","0","6.000","40.50","0.00","13.50","0.00","0.0000","0","SI"
"237","2016-17","28","1","2","0.3333","5.79","4","3","0","0","0","14.0","18","12","9","0","3","12","1.500","11.57","0.00","1.93","7.71","4.0000","0","NO"
"238","2016-17","29","0","1","0.0000","3.60","5","0","0","0","3","5.0","6","2","2","0","1","8","1.400","10.80","0.00","1.80","14.40","8.0000","0","NO"
"239","2016-17","34","0","0","","8.44","7","0","0","0","0","5.1","7","5","5","1","1","6","1.500","11.81","1.69","1.69","10.13","6.0000","0","NO"
"240","2016-17","22","0","0","","6.23","5","0","0","0","0","4.1","6","3","3","0","3","4","2.077","12.46","0.00","6.23","8.31","1.3333","0","NO"
"241","2016-17","21","0","0","","0.00","4","0","0","0","0","4.1","2","0","0","0","2","4","0.923","4.15","0.00","4.15","8.31","2.0000","0","NO"
"242","2016-17","34","1","1","0.5000","6.57","5","3","0","0","0","12.1","14","10","9","2","7","4","1.703","10.22","1.46","5.11","2.92","0.5714","0","NO"
"243","2016-17","27","0","1","0.0000","3.86","3","0","0","0","0","2.1","3","1","1","1","1","3","1.714","11.57","3.86","3.86","11.57","3.0000","0","NO"
"244","2016-17","31","0","0","","12.46","6","0","0","0","0","4.1","6","6","6","2","4","3","2.308","12.46","4.15","8.31","6.23","0.7500","0","NO"
"245","2016-17","27","0","1","0.0000","15.43","2","0","0","0","0","2.1","4","4","4","0","1","3","2.143","15.43","0.00","3.86","11.57","3.0000","0","SI"
"246","2016-17","28","0","1","0.0000","3.18","1","1","0","0","0","5.2","7","2","2","0","4","3","1.941","11.12","0.00","6.35","4.76","0.7500","0","SI"
"247","2016-17","26","1","0","1.0000","8.10","8","0","0","0","0","3.1","7","3","3","0","1","3","2.400","18.90","0.00","2.70","8.10","3.0000","0","NO"
"248","2016-17","26","0","0","","15.75","7","0","0","0","0","4.0","9","7","7","1","4","2","3.250","20.25","2.25","9.00","4.50","0.5000","0","NO"
"249","2016-17","23","0","0","","18.00","1","0","0","0","0","2.0","3","4","4","1","3","2","3.000","13.50","4.50","13.50","9.00","0.6667","0","NO"
"250","2016-17","28","0","0","","5.79","5","0","0","0","0","4.2","3","3","3","1","4","2","1.500","5.79","1.93","7.71","3.86","0.5000","0","NO"
"251","2016-17","30","0","0","","5.00","3","3","0","0","0","9.0","14","5","5","1","7","1","2.333","14.00","1.00","7.00","1.00","0.1429","0","NO"
"252","2016-17","31","0","0","","3.86","3","0","0","0","0","2.1","3","1","1","0","2","1","2.143","11.57","0.00","7.71","3.86","0.5000","0","NO"
"253","2016-17","23","0","0","","4.15","5","1","0","0","0","4.1","3","2","2","0","5","1","1.846","6.23","0.00","10.38","2.08","0.2000","0","NO"
"254","2016-17","25","0","0","","10.38","6","0","0","0","0","4.1","5","5","5","0","5","1","2.308","10.38","0.00","10.38","2.08","0.2000","0","NO"
"255","2016-17","23","0","0","","15.00","4","0","0","0","0","3.0","5","5","5","1","6","1","3.667","15.00","3.00","18.00","3.00","0.1667","0","NO"
"256","2016-17","24","0","0","","0.00","1","0","0","0","0","1.2","1","0","0","0","1","1","1.200","5.40","0.00","5.40","5.40","1.0000","0","SI"
"257","2016-17","34","0","0","","13.50","3","0","0","0","0","2.2","4","4","4","1","4","1","3.000","13.50","3.38","13.50","3.38","0.2500","0","NO"
"258","2016-17","28","0","1","0.0000","135.00","1","1","0","0","0","0.1","2","5","5","1","3","0","15.000","54.00","27.00","81.00","0.00","0.0000","0","SI"
"259","2016-17","27","0","0","","13.50","1","0","0","0","0","0.2","2","1","1","0","0","0","3.000","27.00","0.00","0.00","0.00","","0","NO"
"260","2016-17","32","1","0","1.0000","9.82","6","0","0","0","0","3.2","3","4","4","0","7","0","2.727","7.36","0.00","17.18","0.00","0.0000","0","NO"
