"N","Player Id","Temporada","Fecha","Juego","Equipo","orden","Jugador","IP","H","C","CL","HR","BB","SO","BF","EFE","G","P","SV","BS","HLD","Estadio","oponente","ronda"
8,,"2021-22","23/10/2021",1,"Caribes de Anzoategui",1,"Mayckol Guaipe",4.1,2,0,0,0,1,7,16,0,0,0,0,0,0,"Estadio Alfonso Carrasquel","Tiburones de la Guaira","regular"
9,,"2021-22","23/10/2021",1,"Caribes de Anzoategui",2,"Jose Ascanio",0.2,0,0,0,0,0,0,2,0,0,0,0,0,0,"Estadio Alfonso Carrasquel","Tiburones de la Guaira","regular"
10,,"2021-22","23/10/2021",1,"Caribes de Anzoategui",3,"Yeizo Campos ",2,0,0,0,0,0,1,6,0,1,0,0,0,0,"Estadio Alfonso Carrasquel","Tiburones de la Guaira","regular"
11,,"2021-22","23/10/2021",1,"Caribes de Anzoategui",4,"Harold Chirino",1,0,0,0,0,1,1,4,0,0,0,0,0,0,"Estadio Alfonso Carrasquel","Tiburones de la Guaira","regular"
12,,"2021-22","23/10/2021",1,"Caribes de Anzoategui",5,"Manuel Cachutt",0.1,3,3,2,0,1,0,5,54,0,0,0,0,0,"Estadio Alfonso Carrasquel","Tiburones de la Guaira","regular"
13,,"2021-22","23/10/2021",1,"Caribes de Anzoategui",6,"Andres Sotillet",0.2,0,0,0,0,0,0,3,0,0,0,0,0,0,"Estadio Alfonso Carrasquel","Tiburones de la Guaira","regular"
1,"diavic001","2021-22","23/10/2021",1,"Tiburones de la Guaira",1,"Victor Diaz ",4.1,4,1,1,1,1,4,18,2.08,0,1,0,0,0,"Estadio Alfonso Carrasquel","Caribes de Anzoategui","regular"
2,"guzlui001","2021-22","23/10/2021",1,"Tiburones de la Guaira",2,"Luis Guzman",0.2,0,0,0,0,2,0,4,0,0,0,0,0,0,"Estadio Alfonso Carrasquel","Caribes de Anzoategui","regular"
3,"infgre001","2021-22","23/10/2021",1,"Tiburones de la Guaira",3,"Gregory Infante",1,0,0,0,0,0,0,3,0,0,0,0,0,0,"Estadio Alfonso Carrasquel","Caribes de Anzoategui","regular"
4,"covraf001","2021-22","23/10/2021",1,"Tiburones de la Guaira",4,"Rafael Cova",0.1,1,3,3,0,2,0,4,81,0,0,0,0,0,"Estadio Alfonso Carrasquel","Caribes de Anzoategui","regular"
5,"herarn001","2021-22","23/10/2021",1,"Tiburones de la Guaira",5,"Arnaldo Hernandez",0,3,3,3,0,1,0,5,"-.--",0,0,0,0,0,"Estadio Alfonso Carrasquel","Caribes de Anzoategui","regular"
6,"mayhec001","2021-22","23/10/2021",1,"Tiburones de la Guaira",6,"Hector Mayora",0.2,0,0,0,0,0,0,2,0,0,0,0,0,0,"Estadio Alfonso Carrasquel","Caribes de Anzoategui","regular"
7,"hernel001","2021-22","23/10/2021",1,"Tiburones de la Guaira",7,"Nelson Hernandez",1,2,1,1,0,0,0,5,9,0,0,0,0,0,"Estadio Alfonso Carrasquel","Caribes de Anzoategui","regular"
21,,"2021-22","24/10/2021",2,"Caribes de Anzoategui",1,"Liarvis Breto",4,3,0,0,0,2,4,18,0,0,0,0,0,0,"Estadio Alfonso Carrasquel","Tiburones de la Guaira","regular"
22,,"2021-22","24/10/2021",2,"Caribes de Anzoategui",2,"Luis Ramirez",0.1,2,2,2,0,1,1,4,54,0,0,0,0,0,"Estadio Alfonso Carrasquel","Tiburones de la Guaira","regular"
23,,"2021-22","24/10/2021",2,"Caribes de Anzoategui",3,"Jose Ascanio ",0.2,1,0,0,0,0,0,3,0,0,0,0,1,0,"Estadio Alfonso Carrasquel","Tiburones de la Guaira","regular"
24,,"2021-22","24/10/2021",2,"Caribes de Anzoategui",4,"Angel Duno ",0.1,2,1,1,0,0,0,3,27,0,0,0,0,1,"Estadio Alfonso Carrasquel","Tiburones de la Guaira","regular"
25,,"2021-22","24/10/2021",2,"Caribes de Anzoategui",5,"Oddanier Mosqueda ",0.2,1,0,0,0,1,2,4,0,0,0,0,1,0,"Estadio Alfonso Carrasquel","Tiburones de la Guaira","regular"
26,,"2021-22","24/10/2021",2,"Caribes de Anzoategui",6,"Angel Guillen ",0.2,1,2,2,1,1,1,5,27,0,1,0,0,0,"Estadio Alfonso Carrasquel","Tiburones de la Guaira","regular"
27,,"2021-22","24/10/2021",2,"Caribes de Anzoategui",7,"Mauricio Llovera",1.1,1,0,0,0,3,2,7,0,0,0,0,0,0,"Estadio Alfonso Carrasquel","Tiburones de la Guaira","regular"
28,,"2021-22","24/10/2021",2,"Caribes de Anzoategui",8,"Andres Sotillet",1,3,2,2,0,0,1,7,10.8,0,0,0,0,0,"Estadio Alfonso Carrasquel","Tiburones de la Guaira","regular"
14,"cavjor001","2021-22","24/10/2021",2,"Tiburones de la Guaira",1,"Jorgan Cavanerio",3.2,2,2,2,0,1,2,15,4.91,0,0,0,0,0,"Estadio Alfonso Carrasquel","Caribes de Anzoategui","regular"
15,"florya001","2021-22","24/10/2021",2,"Tiburones de la Guaira",2,"Ryan Flores",0.2,1,1,1,0,0,1,4,13.5,0,0,0,0,0,"Estadio Alfonso Carrasquel","Caribes de Anzoategui","regular"
16,"paleug001","2021-22","24/10/2021",2,"Tiburones de la Guaira",3,"Eugenio Palma",0.2,0,0,0,0,1,0,2,0,0,0,0,0,0,"Estadio Alfonso Carrasquel","Caribes de Anzoategui","regular"
17,"guzemi001","2021-22","24/10/2021",2,"Tiburones de la Guaira",4,"Emilker Guzman",0.1,2,0,0,0,1,1,4,0,0,0,0,0,0,"Estadio Alfonso Carrasquel","Caribes de Anzoategui","regular"
18,"guzlui001","2021-22","24/10/2021",2,"Tiburones de la Guaira",5,"Luis Guzman ",0.2,1,1,1,0,1,0,4,6.75,1,0,0,0,0,"Estadio Alfonso Carrasquel","Caribes de Anzoategui","regular"
19,"infgre001","2021-22","24/10/2021",2,"Tiburones de la Guaira",6,"Gregory Infante ",2,1,0,0,0,0,1,5,0,0,0,0,0,1,"Estadio Alfonso Carrasquel","Caribes de Anzoategui","regular"
20,"herarn001","2021-22","24/10/2021",2,"Tiburones de la Guaira",7,"Arnaldo Hernandez ",1,1,0,0,0,0,0,4,27,0,0,1,0,0,"Estadio Alfonso Carrasquel","Caribes de Anzoategui","regular"
29,,"2021-22","26/10/2021",3,"Cardenales de Lara",1,"Williams Pérez ",5,3,0,0,0,1,3,19,0,1,0,0,0,0,"Estadio Universitario","Tiburones de la Guaira","regular"
30,,"2021-22","26/10/2021",3,"Cardenales de Lara",2,"Jackson Stephens",1,1,0,0,0,0,1,3,0,0,0,0,0,0,"Estadio Universitario","Tiburones de la Guaira","regular"
31,,"2021-22","26/10/2021",3,"Cardenales de Lara",3,"Argenis Angulo",1,0,0,0,0,0,1,3,0,0,0,0,0,0,"Estadio Universitario","Tiburones de la Guaira","regular"
32,,"2021-22","26/10/2021",3,"Cardenales de Lara",4,"Elvis Escobar",1,0,0,0,0,1,0,3,0,0,0,0,0,0,"Estadio Universitario","Tiburones de la Guaira","regular"
33,,"2021-22","26/10/2021",3,"Cardenales de Lara",5,"Fabian Blanco",1,0,0,0,0,0,1,3,0,0,0,0,0,0,"Estadio Universitario","Tiburones de la Guaira","regular"
34,"idreud001","2021-22","26/10/2021",3,"Tiburones de la Guaira",1,"Eudis Idrogo ",3,4,2,2,0,1,2,11,6,0,1,0,0,0,"Estadio Universitario","Cardenales de Lara","regular"
35,"florya001","2021-22","26/10/2021",3,"Tiburones de la Guaira",2,"Ryan Flores",3,3,2,2,0,0,2,11,7.36,0,0,0,0,0,"Estadio Universitario","Cardenales de Lara","regular"
36,"guzemi001","2021-22","26/10/2021",3,"Tiburones de la Guaira",3,"Emilker Guzman",1.1,2,2,2,0,1,2,7,10.8,0,0,0,0,0,"Estadio Universitario","Cardenales de Lara","regular"
37,"ortant001","2021-22","26/10/2021",3,"Tiburones de la Guaira",4,"Anthony Ortega",0.2,2,1,1,0,0,0,4,13.5,0,0,0,0,0,"Estadio Universitario","Cardenales de Lara","regular"
38,"rowui001","2021-22","26/10/2021",3,"Tiburones de la Guaira",5,"Wuilder Rodriguez",0.2,2,2,2,0,0,1,4,27,0,0,0,0,0,"Estadio Universitario","Cardenales de Lara","regular"
39,"davdav001","2021-22","26/10/2021",3,"Tiburones de la Guaira",6,"David Davalillo",0.1,1,0,0,0,0,0,2,0,0,0,0,0,0,"Estadio Universitario","Cardenales de Lara","regular"
46,,"2021-22","28/10/2021",4,"Navegantes del Magallanes",1,"Erick Leal",4.1,4,2,1,1,0,5,19,1.04,0,0,0,0,0,"Estadio Jose Bernardo Perez","Tiburones de la Guaira","regular"
47,,"2021-22","28/10/2021",4,"Navegantes del Magallanes",2,"Yohander Méndez ",1.1,0,0,0,0,3,1,7,0,1,0,0,0,0,"Estadio Jose Bernardo Perez","Tiburones de la Guaira","regular"
48,,"2021-22","28/10/2021",4,"Navegantes del Magallanes",3,"Jose Martinez ",0.1,1,0,0,0,0,0,2,20.25,0,0,0,0,1,"Estadio Jose Bernardo Perez","Tiburones de la Guaira","regular"
49,,"2021-22","28/10/2021",4,"Navegantes del Magallanes",4,"Anthony Vizcaya ",1,2,0,0,0,0,2,5,13.5,0,0,0,0,1,"Estadio Jose Bernardo Perez","Tiburones de la Guaira","regular"
50,,"2021-22","28/10/2021",4,"Navegantes del Magallanes",5,"Wilking Rodriguez ",1,1,0,0,0,0,1,4,0,0,0,0,0,1,"Estadio Jose Bernardo Perez","Tiburones de la Guaira","regular"
51,,"2021-22","28/10/2021",4,"Navegantes del Magallanes",6,"Jorge Rondon ",1,1,1,1,0,0,2,4,13.5,0,0,1,0,0,"Estadio Jose Bernardo Perez","Tiburones de la Guaira","regular"
40,"diavic001","2021-22","28/10/2021",4,"Tiburones de la Guaira",1,"Victor Diaz ",3.1,7,3,3,0,1,2,16,4.7,0,1,0,0,0,"Estadio Jose Bernardo Perez","Navegantes del Magallanes","regular"
41,"mayhec001","2021-22","28/10/2021",4,"Tiburones de la Guaira",2,"Hector Mayora",0.2,1,0,0,0,0,0,2,0,0,0,0,0,0,"Estadio Jose Bernardo Perez","Navegantes del Magallanes","regular"
42,"acoald001","2021-22","28/10/2021",4,"Tiburones de la Guaira",3,"Aldry Acosta",1.1,2,1,1,0,0,3,6,6.75,0,0,0,0,0,"Estadio Jose Bernardo Perez","Navegantes del Magallanes","regular"
43,"guzlui001","2021-22","28/10/2021",4,"Tiburones de la Guaira",4,"Luis Guzman",1,1,0,0,0,0,1,3,3.86,0,0,0,0,0,"Estadio Jose Bernardo Perez","Navegantes del Magallanes","regular"
44,"ramedu001","2021-22","28/10/2021",4,"Tiburones de la Guaira",5,"Edubray Ramos",0.2,0,0,0,0,0,1,2,0,0,0,0,0,0,"Estadio Jose Bernardo Perez","Navegantes del Magallanes","regular"
45,"infgre001","2021-22","28/10/2021",4,"Tiburones de la Guaira",6,"Gregory Infante",1,0,0,0,0,0,1,3,0,0,0,0,0,0,"Estadio Jose Bernardo Perez","Navegantes del Magallanes","regular"
52,,"2021-22","29/10/2021",5,"Bravos de Margarita",1,"Henry Centeno",4,7,3,2,1,1,0,18,4.15,0,0,0,0,0,"Estadio Forum de La Guaira","Tiburones de la Guaira","regular"
53,,"2021-22","29/10/2021",5,"Bravos de Margarita",2,"David Ramos",2,2,1,1,1,0,0,8,1.8,0,0,0,0,0,"Estadio Forum de La Guaira","Tiburones de la Guaira","regular"
54,,"2021-22","29/10/2021",5,"Bravos de Margarita",3,"Jesus Martinez ",1,0,0,0,0,1,1,4,0,1,0,0,0,0,"Estadio Forum de La Guaira","Tiburones de la Guaira","regular"
55,,"2021-22","29/10/2021",5,"Bravos de Margarita",4,"Alfred Gutierrez",1,0,0,0,0,1,1,4,0,0,0,0,0,0,"Estadio Forum de La Guaira","Tiburones de la Guaira","regular"
56,,"2021-22","29/10/2021",5,"Bravos de Margarita",5,"Werner Leal",1,3,1,1,1,0,1,6,9,0,0,0,0,0,"Estadio Forum de La Guaira","Tiburones de la Guaira","regular"
57,"cavjor001","2021-22","29/10/2021",5,"Tiburones de la Guaira",1,"Jorgan Cavanerio",5,4,1,1,0,0,2,18,3.12,0,0,0,0,0,"Estadio Forum de La Guaira","Bravos de Margarita","regular"
58,"covraf001","2021-22","29/10/2021",5,"Tiburones de la Guaira",2,"Rafael Cova ",1,1,0,0,0,0,1,3,20.25,0,0,0,0,1,"Estadio Forum de La Guaira","Bravos de Margarita","regular"
59,"jimedu001","2021-22","29/10/2021",5,"Tiburones de la Guaira",3,"Eduardo Jiménez ",0.2,1,2,2,0,1,1,4,27,0,0,0,0,1,"Estadio Forum de La Guaira","Bravos de Margarita","regular"
60,"guzlui001","2021-22","29/10/2021",5,"Tiburones de la Guaira",4,"Luis Guzman ",0.1,1,0,0,0,0,1,2,3.38,0,0,0,0,1,"Estadio Forum de La Guaira","Bravos de Margarita","regular"
61,"infgre001","2021-22","29/10/2021",5,"Tiburones de la Guaira",5,"Gregory Infante ",0,3,5,3,0,0,0,5,6.75,0,1,0,0,0,"Estadio Forum de La Guaira","Bravos de Margarita","regular"
62,"ramedu001","2021-22","29/10/2021",5,"Tiburones de la Guaira",6,"Edubray Ramos",0.2,3,3,3,0,0,0,5,20.25,0,0,0,0,0,"Estadio Forum de La Guaira","Bravos de Margarita","regular"
63,"mayhec001","2021-22","29/10/2021",5,"Tiburones de la Guaira",8,"Hector Mayora",0.1,1,1,0,0,2,0,5,0,0,0,0,0,0,"Estadio Forum de La Guaira","Bravos de Margarita","regular"
64,"cabjea001","2021-22","29/10/2021",5,"Tiburones de la Guaira",9,"Jean Cabrera",1,1,0,0,0,1,1,5,0,0,0,0,0,0,"Estadio Forum de La Guaira","Bravos de Margarita","regular"
65,,"2021-22","30/10/2021",6,"Bravos de Margarita",1,"Omar Bencomo ",3.2,6,1,1,0,2,2,17,3.18,0,1,0,0,0,"Estadio Forum de La Guaira","Tiburones de la Guaira","regular"
66,,"2021-22","30/10/2021",6,"Bravos de Margarita",2,"Angel Leon",1,1,0,0,0,0,2,4,0,0,0,0,0,0,"Estadio Forum de La Guaira","Tiburones de la Guaira","regular"
67,,"2021-22","30/10/2021",6,"Bravos de Margarita",3,"Kender Villegas",1.2,1,0,0,0,0,0,6,0,0,0,0,0,0,"Estadio Forum de La Guaira","Tiburones de la Guaira","regular"
68,,"2021-22","30/10/2021",6,"Bravos de Margarita",4,"Jesus Martinez",1,0,0,0,0,1,0,3,0,0,0,0,0,0,"Estadio Forum de La Guaira","Tiburones de la Guaira","regular"
69,,"2021-22","30/10/2021",6,"Bravos de Margarita",5,"Anthony Molina",0.2,1,0,0,0,1,1,4,0,0,0,0,0,0,"Estadio Forum de La Guaira","Tiburones de la Guaira","regular"
70,"florya001","2021-22","30/10/2021",6,"Tiburones de la Guaira",1,"Ryan Flores ",6,3,0,0,0,1,8,23,2.79,1,0,0,0,0,"Estadio Forum de La Guaira","Bravos de Margarita","regular"
71,"paleug001","2021-22","30/10/2021",6,"Tiburones de la Guaira",2,"Eugenio Palma ",1.1,0,0,0,0,0,1,4,0,0,0,0,0,1,"Estadio Forum de La Guaira","Bravos de Margarita","regular"
72,"acoald001","2021-22","30/10/2021",6,"Tiburones de la Guaira",3,"Aldry Acosta ",0.2,1,0,0,0,0,0,4,4.5,0,0,0,0,1,"Estadio Forum de La Guaira","Bravos de Margarita","regular"
73,"covraf001","2021-22","30/10/2021",6,"Tiburones de la Guaira",4,"Rafael Cova ",1,1,0,0,0,1,1,5,11.57,0,0,1,0,0,"Estadio Forum de La Guaira","Bravos de Margarita","regular"
74,,"2021-22","31/10/2021",7,"Aguilas del Zulia",1,"Cesar Jimenez ",5.1,6,4,4,0,1,3,24,3.48,0,1,0,0,0,"Estadio Universitario","Tiburones de la Guaira","regular"
75,,"2021-22","31/10/2021",7,"Aguilas del Zulia",2,"Angello Infante ",0.1,3,2,2,1,0,0,4,27,0,0,0,1,0,"Estadio Universitario","Tiburones de la Guaira","regular"
76,,"2021-22","31/10/2021",7,"Aguilas del Zulia",3,"Gerardo Vilchez",0.1,3,3,3,2,0,0,4,20.25,0,0,0,0,0,"Estadio Universitario","Tiburones de la Guaira","regular"
77,,"2021-22","31/10/2021",7,"Aguilas del Zulia",4,"Zaquiel Puentes",1,0,0,0,0,0,1,3,6,0,0,0,0,0,"Estadio Universitario","Tiburones de la Guaira","regular"
78,,"2021-22","31/10/2021",7,"Aguilas del Zulia",5,"Luis Moncada",1,0,0,0,0,0,2,3,20.25,0,0,0,0,0,"Estadio Universitario","Tiburones de la Guaira","regular"
79,"idreud001","2021-22","31/10/2021",7,"Tiburones de la Guaira",1,"Eudis Idrogo",4,7,2,2,0,1,1,20,5.14,0,0,0,0,0,"Estadio Universitario","Aguilas del Zulia","regular"
80,"ortant001","2021-22","31/10/2021",7,"Tiburones de la Guaira",2,"Anthony Ortega",1.2,2,1,1,0,0,1,7,7.71,0,0,0,0,0,"Estadio Universitario","Aguilas del Zulia","regular"
81,"guzemi001","2021-22","31/10/2021",7,"Tiburones de la Guaira",3,"Emilker Guzman ",0.2,1,0,0,0,1,0,4,7.71,1,0,0,0,0,"Estadio Universitario","Aguilas del Zulia","regular"
82,"guzlui001","2021-22","31/10/2021",7,"Tiburones de la Guaira",4,"Luis Guzman ",1,0,0,0,0,0,0,3,2.45,0,0,0,0,1,"Estadio Universitario","Aguilas del Zulia","regular"
83,"hernel001","2021-22","31/10/2021",7,"Tiburones de la Guaira",5,"Nelson Hernandez",1.2,2,1,1,0,0,2,7,6.75,0,0,0,0,0,"Estadio Universitario","Aguilas del Zulia","regular"
84,,"2021-22","02/11/2021",8,"Navegantes del Magallanes",1,"Erick Leal ",4,7,4,4,2,0,3,20,3.55,0,1,0,0,0,"Estadio Universitario","Tiburones de la Guaira","regular"
85,,"2021-22","02/11/2021",8,"Navegantes del Magallanes",2,"Yohander Méndez",1,0,0,0,0,0,0,3,0,0,0,0,0,0,"Estadio Universitario","Tiburones de la Guaira","regular"
86,,"2021-22","02/11/2021",8,"Navegantes del Magallanes",3,"Jose Martinez",1,1,1,1,0,0,1,4,15.43,0,0,0,0,0,"Estadio Universitario","Tiburones de la Guaira","regular"
87,,"2021-22","02/11/2021",8,"Navegantes del Magallanes",4,"Gabriel Moya",0.2,1,0,0,0,1,0,3,0,0,0,0,0,0,"Estadio Universitario","Tiburones de la Guaira","regular"
88,,"2021-22","02/11/2021",8,"Navegantes del Magallanes",5,"Luis Martinez",0.1,0,0,0,0,0,1,1,3.38,0,0,0,0,0,"Estadio Universitario","Tiburones de la Guaira","regular"
89,,"2021-22","02/11/2021",8,"Navegantes del Magallanes",6,"Henderson Alvarez III",1,1,0,0,0,0,0,3,0,0,0,0,0,0,"Estadio Universitario","Tiburones de la Guaira","regular"
90,"smimyl001","2021-22","02/11/2021",8,"Tiburones de la Guaira",1,"Myles Smith",4,2,0,0,0,2,3,14,0,0,0,0,0,0,"Estadio Universitario","Navegantes del Magallanes","regular"
91,"cabjea001","2021-22","02/11/2021",8,"Tiburones de la Guaira",2,"Jean Cabrera",1,2,1,1,1,0,1,5,4.5,0,0,0,0,0,"Estadio Universitario","Navegantes del Magallanes","regular"
92,"acoald001","2021-22","02/11/2021",8,"Tiburones de la Guaira",3,"Aldry Acosta ",2,1,0,0,0,0,1,5,2.25,1,0,0,0,0,"Estadio Universitario","Navegantes del Magallanes","regular"
93,"infgre001","2021-22","02/11/2021",8,"Tiburones de la Guaira",4,"Gregory Infante",1,0,0,0,0,0,3,3,5.4,0,0,0,0,0,"Estadio Universitario","Navegantes del Magallanes","regular"
94,"herarn001","2021-22","02/11/2021",8,"Tiburones de la Guaira",5,"Arnaldo Hernandez",1,1,0,0,0,1,1,5,13.5,0,0,0,0,0,"Estadio Universitario","Navegantes del Magallanes","regular"
95,,"2021-22","03/11/2021",9,"Cardenales de Lara",1,"Raul Rivero ",5,3,1,1,0,4,4,21,1.93,1,0,0,0,0,"Estadio Universitario","Tiburones de la Guaira","regular"
96,,"2021-22","03/11/2021",9,"Cardenales de Lara",2,"Jackson Stephens ",2,0,0,0,0,1,4,7,1.04,0,0,0,0,1,"Estadio Universitario","Tiburones de la Guaira","regular"
97,,"2021-22","03/11/2021",9,"Cardenales de Lara",3,"Argenis Angulo ",1,2,0,0,0,0,1,4,5.4,0,0,0,0,1,"Estadio Universitario","Tiburones de la Guaira","regular"
98,,"2021-22","03/11/2021",9,"Cardenales de Lara",4,"Shane Greene",1,0,0,0,0,0,2,3,0,0,1,0,0,0,"Estadio Universitario","Tiburones de la Guaira","regular"
99,"diavic001","2021-22","03/11/2021",9,"Tiburones de la Guaira",1,"Victor Diaz ",2.2,4,4,2,0,4,0,16,5.23,0,0,0,0,0,"Estadio Universitario","Cardenales de Lara","regular"
100,"hernel001","2021-22","03/11/2021",9,"Tiburones de la Guaira",2,"Nelson Hernandez",1.2,1,0,0,0,1,1,8,4.15,0,0,0,0,0,"Estadio Universitario","Cardenales de Lara","regular"
101,"paleug001","2021-22","03/11/2021",9,"Tiburones de la Guaira",3,"Eugenio Palma",1.1,1,0,0,0,0,1,4,0,0,0,0,0,0,"Estadio Universitario","Cardenales de Lara","regular"
102,"pinjul001","2021-22","03/11/2021",9,"Tiburones de la Guaira",4,"Julio Pinto",1.1,1,0,0,0,0,2,5,0,0,0,0,0,0,"Estadio Universitario","Cardenales de Lara","regular"
103,"guzlui001","2021-22","03/11/2021",9,"Tiburones de la Guaira",5,"Luis Guzman",1,0,1,0,0,0,2,4,1.93,0,0,0,0,0,"Estadio Universitario","Cardenales de Lara","regular"
104,"covraf001","2021-22","03/11/2021",9,"Tiburones de la Guaira",6,"Rafael Cova",1,1,0,0,0,0,1,4,8.1,0,0,0,0,0,"Estadio Universitario","Cardenales de Lara","regular"
105,,"2021-22","04/11/2021",10,"Cardenales de Lara",1,"Luis Lugo",4,5,1,1,0,0,3,16,6.75,0,0,0,0,0,"Estadio Universitario","Tiburones de la Guaira","regular"
106,,"2021-22","04/11/2021",10,"Cardenales de Lara",2,"Luis Carrasco",0.2,1,0,0,0,1,0,4,2.08,0,0,0,0,0,"Estadio Universitario","Tiburones de la Guaira","regular"
107,,"2021-22","04/11/2021",10,"Cardenales de Lara",3,"Elvis Escobar",0.1,0,0,0,0,0,0,1,0,0,0,0,0,0,"Estadio Universitario","Tiburones de la Guaira","regular"
108,,"2021-22","04/11/2021",10,"Cardenales de Lara",4,"Pedro Garcia",1,1,0,0,0,0,1,4,0,0,0,0,0,0,"Estadio Universitario","Tiburones de la Guaira","regular"
109,,"2021-22","04/11/2021",10,"Cardenales de Lara",5,"Vicente Campos ",0.2,1,0,0,0,1,1,4,0,0,0,0,0,1,"Estadio Universitario","Tiburones de la Guaira","regular"
110,,"2021-22","04/11/2021",10,"Cardenales de Lara",6,"Yapson Gomez ",0.1,0,0,0,0,0,1,1,0,0,0,0,0,1,"Estadio Universitario","Tiburones de la Guaira","regular"
111,,"2021-22","04/11/2021",10,"Cardenales de Lara",7,"Jean Machi ",0.1,1,2,2,1,1,0,3,6.23,0,0,0,1,0,"Estadio Universitario","Tiburones de la Guaira","regular"
112,,"2021-22","04/11/2021",10,"Cardenales de Lara",8,"Fabian Blanco",0.2,0,0,0,0,0,1,2,0,0,0,0,0,0,"Estadio Universitario","Tiburones de la Guaira","regular"
113,,"2021-22","04/11/2021",10,"Cardenales de Lara",9,"Shane Greene ",0.1,3,2,2,0,1,0,6,5.4,0,1,0,0,0,"Estadio Universitario","Tiburones de la Guaira","regular"
114,"cavjor001","2021-22","04/11/2021",10,"Tiburones de la Guaira",1,"Jorgan Cavanerio",6,5,0,0,0,0,3,21,1.84,0,0,0,0,0,"Estadio Universitario","Cardenales de Lara","regular"
115,"ramedu001","2021-22","04/11/2021",10,"Tiburones de la Guaira",2,"Edubray Ramos ",0.1,2,2,2,0,1,0,4,27,0,0,0,0,1,"Estadio Universitario","Cardenales de Lara","regular"
116,"infgre001","2021-22","04/11/2021",10,"Tiburones de la Guaira",3,"Gregory Infante ",1.1,4,1,1,0,0,1,7,5.68,0,0,0,1,0,"Estadio Universitario","Cardenales de Lara","regular"
117,"herarn001","2021-22","04/11/2021",10,"Tiburones de la Guaira",4,"Arnaldo Hernandez ",1.1,2,1,1,0,1,2,6,10.8,1,0,0,0,0,"Estadio Universitario","Cardenales de Lara","regular"
126,"florya001","2021-22","05/11/2021",11,"Tiburones de la Guaira",1,"Ryan Flores",2.1,6,7,6,0,2,1,16,6.75,0,0,0,0,0,"Estadio Universitario","Tigres de Aragua","regular"
127,"guzemi001","2021-22","05/11/2021",11,"Tiburones de la Guaira",2,"Emilker Guzman",0.2,0,0,0,0,1,0,4,6,0,0,0,0,0,"Estadio Universitario","Tigres de Aragua","regular"
128,"paleug001","2021-22","05/11/2021",11,"Tiburones de la Guaira",3,"Eugenio Palma",1.1,3,2,2,1,0,1,7,3.86,0,0,0,0,0,"Estadio Universitario","Tigres de Aragua","regular"
129,"ortant001","2021-22","05/11/2021",11,"Tiburones de la Guaira",4,"Anthony Ortega",0.1,2,1,1,0,1,0,4,10.13,0,0,0,0,0,"Estadio Universitario","Tigres de Aragua","regular"
130,"garkev001","2021-22","05/11/2021",11,"Tiburones de la Guaira",5,"Kevin Garcia ",0.2,1,1,1,0,1,1,5,13.5,0,0,0,0,1,"Estadio Universitario","Tigres de Aragua","regular"
131,"acoald001","2021-22","05/11/2021",11,"Tiburones de la Guaira",6,"Aldry Acosta ",1.2,0,0,0,0,0,1,5,1.59,1,0,0,0,0,"Estadio Universitario","Tigres de Aragua","regular"
132,"guzlui001","2021-22","05/11/2021",11,"Tiburones de la Guaira",7,"Luis Guzman",1,0,0,0,0,0,0,3,1.59,0,0,0,0,0,"Estadio Universitario","Tigres de Aragua","regular"
133,"beljoh001","2021-22","05/11/2021",11,"Tiburones de la Guaira",8,"Johan Belisario",1,0,0,0,0,0,1,3,0,0,0,0,0,0,"Estadio Universitario","Tigres de Aragua","regular"
118,,"2021-22","05/11/2021",11,"Tigres de Aragua",1,"Dedgar Jimenez ",1,7,7,7,0,2,1,12,63,0,1,0,0,0,"Estadio Universitario","Tiburones de la Guaira","regular"
119,,"2021-22","05/11/2021",11,"Tigres de Aragua",2,"Jose Diaz",0.2,2,2,2,0,2,0,6,18,0,0,0,0,0,"Estadio Universitario","Tiburones de la Guaira","regular"
120,,"2021-22","05/11/2021",11,"Tigres de Aragua",3,"Edgar Ibarra",0.1,1,2,2,0,1,0,3,18,0,0,0,0,0,"Estadio Universitario","Tiburones de la Guaira","regular"
121,,"2021-22","05/11/2021",11,"Tigres de Aragua",4,"Jesus Sanchez",2,6,5,5,0,1,2,13,11.57,0,0,0,0,0,"Estadio Universitario","Tiburones de la Guaira","regular"
122,,"2021-22","05/11/2021",11,"Tigres de Aragua",5,"Francisco Carrillo",1,2,1,1,0,0,0,5,5.4,0,0,0,0,0,"Estadio Universitario","Tiburones de la Guaira","regular"
123,,"2021-22","05/11/2021",11,"Tigres de Aragua",6,"Angel Padron",1,1,0,0,0,0,1,4,0,0,0,0,0,0,"Estadio Universitario","Tiburones de la Guaira","regular"
124,,"2021-22","05/11/2021",11,"Tigres de Aragua",7,"Ismael Guillón",1,0,0,0,0,0,0,3,2.08,0,0,0,0,0,"Estadio Universitario","Tiburones de la Guaira","regular"
125,,"2021-22","05/11/2021",11,"Tigres de Aragua",8,"Henry Alberto Rodriguez",1,0,0,0,0,0,1,3,2.08,0,0,0,0,0,"Estadio Universitario","Tiburones de la Guaira","regular"
141,,"2021-22","06/11/2021",12,"Leones del Caracas",1,"Kevin Gadea",4,7,4,4,1,1,1,19,10.57,0,0,0,0,0,"Estadio Universitario","Tiburones de la Guaira","regular"
142,,"2021-22","06/11/2021",12,"Leones del Caracas",2,"Felix Carvallo",0.2,2,0,0,0,0,0,4,1.5,0,0,0,0,0,"Estadio Universitario","Tiburones de la Guaira","regular"
143,,"2021-22","06/11/2021",12,"Leones del Caracas",3,"Andres E. Perez ",0.1,0,0,0,0,0,0,1,12.27,1,0,0,0,0,"Estadio Universitario","Tiburones de la Guaira","regular"
144,,"2021-22","06/11/2021",12,"Leones del Caracas",4,"Norwith Gudino",0.2,2,3,1,0,1,0,5,7.36,0,0,0,0,0,"Estadio Universitario","Tiburones de la Guaira","regular"
145,,"2021-22","06/11/2021",12,"Leones del Caracas",5,"Loiger Padron",1.1,2,2,2,1,0,4,6,7.04,0,0,0,0,0,"Estadio Universitario","Tiburones de la Guaira","regular"
146,,"2021-22","06/11/2021",12,"Leones del Caracas",6,"José Torres ",1.1,0,0,0,0,0,4,4,1.8,0,0,0,0,1,"Estadio Universitario","Tiburones de la Guaira","regular"
147,,"2021-22","06/11/2021",12,"Leones del Caracas",7,"Jesus Zambrano ",0.2,1,0,0,0,0,0,3,1.42,0,0,1,0,0,"Estadio Universitario","Tiburones de la Guaira","regular"
134,"idreud001","2021-22","06/11/2021",12,"Tiburones de la Guaira",1,"Eudis Idrogo ",3.1,3,4,4,0,3,3,15,6.97,0,1,0,0,0,"Estadio Universitario","Leones del Caracas","regular"
135,"ortant001","2021-22","06/11/2021",12,"Tiburones de la Guaira",2,"Anthony Ortega",0,3,4,4,2,1,0,4,23.63,0,0,0,0,0,"Estadio Universitario","Leones del Caracas","regular"
136,"cabjea001","2021-22","06/11/2021",12,"Tiburones de la Guaira",3,"Jean Cabrera",1,3,2,2,0,1,0,6,9,0,0,0,0,0,"Estadio Universitario","Leones del Caracas","regular"
137,"pinjul001","2021-22","06/11/2021",12,"Tiburones de la Guaira",4,"Julio Pinto",0.2,2,1,1,0,0,0,4,4.5,0,0,0,0,0,"Estadio Universitario","Leones del Caracas","regular"
138,"ramedu001","2021-22","06/11/2021",12,"Tiburones de la Guaira",5,"Edubray Ramos",2,1,0,0,0,0,1,7,12.27,0,0,0,0,0,"Estadio Universitario","Leones del Caracas","regular"
139,"covraf001","2021-22","06/11/2021",12,"Tiburones de la Guaira",6,"Rafael Cova",0,0,0,0,0,0,0,0,8.1,0,0,0,0,0,"Estadio Universitario","Leones del Caracas","regular"
140,"hernel001","2021-22","06/11/2021",12,"Tiburones de la Guaira",7,"Nelson Hernandez",1,1,0,0,0,0,1,3,3.38,0,0,0,0,0,"Estadio Universitario","Leones del Caracas","regular"
152,,"2021-22","07/11/2021",13,"Cardenales de Lara",1,"Nestor Molina",4,7,5,2,0,0,1,20,5.56,0,0,0,0,0,"Estadio Antonio Herrera Gutierrez","Tiburones de la Guaira","regular"
153,,"2021-22","07/11/2021",13,"Cardenales de Lara",2,"Luis Carrasco",2,3,0,0,0,0,0,7,1.23,0,0,0,0,0,"Estadio Antonio Herrera Gutierrez","Tiburones de la Guaira","regular"
154,,"2021-22","07/11/2021",13,"Cardenales de Lara",3,"Elvis Escobar",1,0,0,0,0,0,1,3,0,0,0,0,0,0,"Estadio Antonio Herrera Gutierrez","Tiburones de la Guaira","regular"
155,,"2021-22","07/11/2021",13,"Cardenales de Lara",4,"Luís Madero",1,1,0,0,0,0,1,4,4.91,0,0,0,0,0,"Estadio Antonio Herrera Gutierrez","Tiburones de la Guaira","regular"
156,,"2021-22","07/11/2021",13,"Cardenales de Lara",5,"Shane Greene ",1,0,0,0,0,1,0,4,3.38,1,0,0,0,0,"Estadio Antonio Herrera Gutierrez","Tiburones de la Guaira","regular"
148,"guejun001","2021-22","07/11/2021",13,"Tiburones de la Guaira",1,"Junior Guerra",6,3,1,1,0,0,6,21,1.5,0,0,0,0,0,"Estadio Antonio Herrera Gutierrez","Cardenales de Lara","regular"
149,"smimyl001","2021-22","07/11/2021",13,"Tiburones de la Guaira",2,"Myles Smith",1.1,3,3,3,0,1,1,8,5.06,0,0,0,0,0,"Estadio Antonio Herrera Gutierrez","Cardenales de Lara","regular"
150,"pinjul001","2021-22","07/11/2021",13,"Tiburones de la Guaira",3,"Julio Pinto ",0.1,0,1,1,0,2,0,4,7.71,0,0,0,0,1,"Estadio Antonio Herrera Gutierrez","Cardenales de Lara","regular"
151,"guzlui001","2021-22","07/11/2021",13,"Tiburones de la Guaira",4,"Luis Guzman ",0.1,2,1,1,0,1,0,5,3,0,1,0,0,0,"Estadio Antonio Herrera Gutierrez","Cardenales de Lara","regular"
157,,"2021-22","09/11/2021",14,"Aguilas del Zulia",1,"Luis Moncada",1,3,2,1,0,2,0,9,6.35,0,0,0,0,0,"Estadio Universitario","Tiburones de la Guaira","regular"
158,,"2021-22","09/11/2021",14,"Aguilas del Zulia",2,"Carlos Betancourt",3,0,0,0,0,0,3,8,1.5,0,0,0,0,0,"Estadio Universitario","Tiburones de la Guaira","regular"
159,,"2021-22","09/11/2021",14,"Aguilas del Zulia",3,"Jefferson Medina ",0.1,1,2,2,0,2,0,4,7.71,0,1,0,0,0,"Estadio Universitario","Tiburones de la Guaira","regular"
160,,"2021-22","09/11/2021",14,"Aguilas del Zulia",4,"Romulo Sanchez ",0.2,0,0,0,0,2,0,4,3.68,0,0,0,1,0,"Estadio Universitario","Tiburones de la Guaira","regular"
161,,"2021-22","09/11/2021",14,"Aguilas del Zulia",5,"Danny Rondon",2,0,0,0,0,0,1,6,0,0,0,0,0,0,"Estadio Universitario","Tiburones de la Guaira","regular"
162,,"2021-22","09/11/2021",14,"Aguilas del Zulia",6,"Brandon Brosher",1,1,1,1,1,0,3,4,9,0,0,0,0,0,"Estadio Universitario","Tiburones de la Guaira","regular"
163,"diavic001","2021-22","09/11/2021",14,"Tiburones de la Guaira",1,"Victor Diaz",3,5,3,3,0,1,1,15,6.08,0,0,0,0,0,"Estadio Universitario","Aguilas del Zulia","regular"
164,"beljoh001","2021-22","09/11/2021",14,"Tiburones de la Guaira",2,"Johan Belisario ",2,2,0,0,0,0,1,8,0,1,0,0,0,0,"Estadio Universitario","Aguilas del Zulia","regular"
165,"paleug001","2021-22","09/11/2021",14,"Tiburones de la Guaira",3,"Eugenio Palma ",1,0,0,0,0,1,0,4,3.18,0,0,0,0,1,"Estadio Universitario","Aguilas del Zulia","regular"
166,"florya001","2021-22","09/11/2021",14,"Tiburones de la Guaira",4,"Ryan Flores ",3,0,0,0,0,0,4,9,5.4,0,0,1,0,0,"Estadio Universitario","Aguilas del Zulia","regular"
171,,"2021-22","10/11/2021",15,"Navegantes del Magallanes",1,"Luis Martinez ",3,1,1,1,0,4,3,14,2.53,0,1,0,0,0,"Estadio Jose Bernardo Perez","Tiburones de la Guaira","regular"
172,,"2021-22","10/11/2021",15,"Navegantes del Magallanes",2,"Wilfredo Boscan",0.1,2,1,1,0,0,0,4,9.39,0,0,0,0,0,"Estadio Jose Bernardo Perez","Tiburones de la Guaira","regular"
173,,"2021-22","10/11/2021",15,"Navegantes del Magallanes",3,"Gabriel Moya",0.2,1,1,1,0,1,0,3,27,0,0,0,0,0,"Estadio Jose Bernardo Perez","Tiburones de la Guaira","regular"
174,,"2021-22","10/11/2021",15,"Navegantes del Magallanes",4,"Arcenio Leon",1,2,2,2,0,1,1,6,7.36,0,0,0,0,0,"Estadio Jose Bernardo Perez","Tiburones de la Guaira","regular"
175,,"2021-22","10/11/2021",15,"Navegantes del Magallanes",5,"Yohander Méndez",1,3,2,2,1,1,1,6,4.5,0,0,0,0,0,"Estadio Jose Bernardo Perez","Tiburones de la Guaira","regular"
176,,"2021-22","10/11/2021",15,"Navegantes del Magallanes",6,"Luis Rico",1.2,2,0,0,0,2,1,8,0,0,0,0,0,0,"Estadio Jose Bernardo Perez","Tiburones de la Guaira","regular"
177,,"2021-22","10/11/2021",15,"Navegantes del Magallanes",7,"Robert Zárate",1.1,2,1,1,1,0,1,5,3.18,0,0,0,0,0,"Estadio Jose Bernardo Perez","Tiburones de la Guaira","regular"
167,"cavjor001","2021-22","10/11/2021",15,"Tiburones de la Guaira",1,"Jorgan Cavanerio ",6,3,0,0,0,0,6,20,1.31,1,0,0,0,0,"Estadio Jose Bernardo Perez","Navegantes del Magallanes","regular"
168,"covraf001","2021-22","10/11/2021",15,"Tiburones de la Guaira",2,"Rafael Cova",1,2,1,1,1,0,1,5,8.31,0,0,0,0,0,"Estadio Jose Bernardo Perez","Navegantes del Magallanes","regular"
169,"cabjea001","2021-22","10/11/2021",15,"Tiburones de la Guaira",3,"Jean Cabrera",1,0,0,0,0,1,0,4,6.75,0,0,0,0,0,"Estadio Jose Bernardo Perez","Navegantes del Magallanes","regular"
170,"herarn001","2021-22","10/11/2021",15,"Tiburones de la Guaira",4,"Arnaldo Hernandez",1,1,0,0,0,0,1,4,8.31,0,0,0,0,0,"Estadio Jose Bernardo Perez","Navegantes del Magallanes","regular"
178,,"2021-22","11/11/2021",16,"Leones del Caracas",1,"Alex Sanabia",2.2,3,0,0,0,3,1,14,5.68,0,0,0,0,0,"Estadio Universitario","Tiburones de la Guaira","regular"
179,,"2021-22","11/11/2021",16,"Leones del Caracas",2,"Yoimer Camacho ",3.1,1,0,0,0,1,2,12,2.13,1,0,0,0,0,"Estadio Universitario","Tiburones de la Guaira","regular"
180,,"2021-22","11/11/2021",16,"Leones del Caracas",3,"Franklin Dacosta",1,1,0,0,0,1,0,4,1.69,0,0,0,0,0,"Estadio Universitario","Tiburones de la Guaira","regular"
181,,"2021-22","11/11/2021",16,"Leones del Caracas",4,"Andres E. Perez",1,1,0,0,0,0,0,3,13.5,0,0,0,0,0,"Estadio Universitario","Tiburones de la Guaira","regular"
182,,"2021-22","11/11/2021",16,"Leones del Caracas",5,"Eduardo Paredes",1,2,1,1,0,0,1,6,2.7,0,0,0,0,0,"Estadio Universitario","Tiburones de la Guaira","regular"
183,"smimyl001","2021-22","11/11/2021",16,"Tiburones de la Guaira",1,"Myles Smith ",3,5,4,4,1,2,0,14,7.56,0,1,0,0,0,"Estadio Universitario","Leones del Caracas","regular"
184,"hernel001","2021-22","11/11/2021",16,"Tiburones de la Guaira",2,"Nelson Hernandez",0.2,1,1,1,0,2,0,4,4.5,0,0,0,0,0,"Estadio Universitario","Leones del Caracas","regular"
185,"paleug001","2021-22","11/11/2021",16,"Tiburones de la Guaira",3,"Eugenio Palma",1.1,1,0,0,0,0,3,5,2.57,0,0,0,0,0,"Estadio Universitario","Leones del Caracas","regular"
186,"mayhec001","2021-22","11/11/2021",16,"Tiburones de la Guaira",4,"Hector Mayora",1,2,2,2,1,0,1,5,6.75,0,0,0,0,0,"Estadio Universitario","Leones del Caracas","regular"
187,"pinjul001","2021-22","11/11/2021",16,"Tiburones de la Guaira",5,"Julio Pinto",2,1,0,0,0,0,0,7,4.15,0,0,0,0,0,"Estadio Universitario","Leones del Caracas","regular"
188,"jimedu001","2021-22","11/11/2021",16,"Tiburones de la Guaira",6,"Eduardo Jiménez",1,0,0,0,0,0,0,3,10.8,0,0,0,0,0,"Estadio Universitario","Leones del Caracas","regular"
189,,"2021-22","12/11/2021",17,"Navegantes del Magallanes",1,"Wikelman Ramirez ",5,6,3,3,0,2,1,22,3.27,1,0,0,0,0,"Estadio Universitario","Tiburones de la Guaira","regular"
190,,"2021-22","12/11/2021",17,"Navegantes del Magallanes",2,"Henderson Alvarez III",1,0,0,0,0,0,0,3,1.59,0,0,0,0,0,"Estadio Universitario","Tiburones de la Guaira","regular"
191,,"2021-22","12/11/2021",17,"Navegantes del Magallanes",3,"Carlos Valero ",3,2,1,1,1,0,2,11,3,0,0,1,0,0,"Estadio Universitario","Tiburones de la Guaira","regular"
192,"idreud001","2021-22","12/11/2021",17,"Tiburones de la Guaira",1,"Eudis Idrogo ",3,5,5,5,2,1,3,14,8.78,0,1,0,0,0,"Estadio Universitario","Navegantes del Magallanes","regular"
193,"suncar001","2021-22","12/11/2021",17,"Tiburones de la Guaira",2,"Carlos Suniaga",1,2,1,1,0,0,0,5,9,0,0,0,0,0,"Estadio Universitario","Navegantes del Magallanes","regular"
194,"beljoh001","2021-22","12/11/2021",17,"Tiburones de la Guaira",3,"Johan Belisario",1,1,0,0,0,1,0,4,0,0,0,0,0,0,"Estadio Universitario","Navegantes del Magallanes","regular"
195,"acoald001","2021-22","12/11/2021",17,"Tiburones de la Guaira",4,"Aldry Acosta",1,0,2,1,0,2,0,6,2.7,0,0,0,0,0,"Estadio Universitario","Navegantes del Magallanes","regular"
196,"garkev001","2021-22","12/11/2021",17,"Tiburones de la Guaira",5,"Kevin Garcia",1.2,2,2,2,0,1,1,8,11.57,0,0,0,0,0,"Estadio Universitario","Navegantes del Magallanes","regular"
197,"mayhec001","2021-22","12/11/2021",17,"Tiburones de la Guaira",6,"Hector Mayora",1.1,4,2,2,0,1,3,9,9,0,0,0,0,0,"Estadio Universitario","Navegantes del Magallanes","regular"
198,"guejun001","2021-22","13/11/2021",18,"Tiburones de la Guaira",1,"Junior Guerra ",6,4,0,0,0,2,4,23,0.75,1,0,0,0,0,"Estadio Jose Perez Colmenares","Tigres de Aragua","regular"
199,"guzlui001","2021-22","13/11/2021",18,"Tiburones de la Guaira",2,"Luis Guzman",1,0,0,0,0,1,1,4,2.57,0,0,0,0,0,"Estadio Jose Perez Colmenares","Tigres de Aragua","regular"
200,"jimedu001","2021-22","13/11/2021",18,"Tiburones de la Guaira",3,"Eduardo Jiménez",1,0,0,0,0,0,1,3,6.75,0,0,0,0,0,"Estadio Jose Perez Colmenares","Tigres de Aragua","regular"
201,"herarn001","2021-22","13/11/2021",18,"Tiburones de la Guaira",4,"Arnaldo Hernandez",1,1,0,0,0,0,0,4,6.75,0,0,0,0,0,"Estadio Jose Perez Colmenares","Tigres de Aragua","regular"
202,,"2021-22","13/11/2021",18,"Tigres de Aragua",1,"Ramon Garcia ",3,6,4,4,1,0,0,14,7.59,0,1,0,0,0,"Estadio Jose Perez Colmenares","Tiburones de la Guaira","regular"
203,,"2021-22","13/11/2021",18,"Tigres de Aragua",2,"Logan Duran",2.2,3,1,1,0,1,4,13,9.6,0,0,0,0,0,"Estadio Jose Perez Colmenares","Tiburones de la Guaira","regular"
204,,"2021-22","13/11/2021",18,"Tigres de Aragua",3,"Dennis Herrera",1,1,0,0,0,0,2,4,5.4,0,0,0,0,0,"Estadio Jose Perez Colmenares","Tiburones de la Guaira","regular"
205,,"2021-22","13/11/2021",18,"Tigres de Aragua",4,"Geoff Broussard",0.1,0,0,0,0,0,0,1,7.5,0,0,0,0,0,"Estadio Jose Perez Colmenares","Tiburones de la Guaira","regular"
206,,"2021-22","13/11/2021",18,"Tigres de Aragua",5,"Ronald Belisario",1,1,0,0,0,2,0,6,9,0,0,0,0,0,"Estadio Jose Perez Colmenares","Tiburones de la Guaira","regular"
207,,"2021-22","13/11/2021",18,"Tigres de Aragua",6,"Francisco Carrillo",1,1,0,0,0,0,1,4,4.35,0,0,0,0,0,"Estadio Jose Perez Colmenares","Tiburones de la Guaira","regular"
216,,"2021-22","14/11/2021",19,"Bravos de Margarita",1,"Henry Centeno ",6,6,0,0,0,1,4,23,4.38,1,0,0,0,0,"Estadio Forum de La Guaira","Tiburones de la Guaira","regular"
217,,"2021-22","14/11/2021",19,"Bravos de Margarita",2,"Yender Cáramo",0.2,3,1,1,0,0,0,5,4.09,0,0,0,0,0,"Estadio Forum de La Guaira","Tiburones de la Guaira","regular"
218,,"2021-22","14/11/2021",19,"Bravos de Margarita",3,"Randy Valladares",1,0,0,0,0,0,1,3,2.25,0,0,0,0,0,"Estadio Forum de La Guaira","Tiburones de la Guaira","regular"
219,,"2021-22","14/11/2021",19,"Bravos de Margarita",4,"Anthony Molina",1.1,1,1,1,0,1,0,6,1.8,0,0,0,0,0,"Estadio Forum de La Guaira","Tiburones de la Guaira","regular"
208,"florya001","2021-22","14/11/2021",19,"Tiburones de la Guaira",1,"Ryan Flores ",4,5,2,2,1,2,3,20,5.21,0,1,0,0,0,"Estadio Forum de La Guaira","Bravos de Margarita","regular"
209,"diavic001","2021-22","14/11/2021",19,"Tiburones de la Guaira",2,"Victor Diaz",0,0,3,2,0,2,0,3,7.43,0,0,0,0,0,"Estadio Forum de La Guaira","Bravos de Margarita","regular"
210,"beljoh001","2021-22","14/11/2021",19,"Tiburones de la Guaira",3,"Johan Belisario",0.2,1,1,0,0,1,0,4,0,0,0,0,0,0,"Estadio Forum de La Guaira","Bravos de Margarita","regular"
211,"paleug001","2021-22","14/11/2021",19,"Tiburones de la Guaira",4,"Eugenio Palma",0.1,0,0,0,0,0,0,1,2.45,0,0,0,0,0,"Estadio Forum de La Guaira","Bravos de Margarita","regular"
212,"pinjul001","2021-22","14/11/2021",19,"Tiburones de la Guaira",5,"Julio Pinto",1,0,0,0,0,1,1,4,3.38,0,0,0,0,0,"Estadio Forum de La Guaira","Bravos de Margarita","regular"
213,"covraf001","2021-22","14/11/2021",19,"Tiburones de la Guaira",6,"Rafael Cova",1,0,0,0,0,0,0,3,6.75,0,0,0,0,0,"Estadio Forum de La Guaira","Bravos de Margarita","regular"
214,"suncar001","2021-22","14/11/2021",19,"Tiburones de la Guaira",7,"Carlos Suniaga",0.2,0,0,0,0,2,0,3,5.4,0,0,0,0,0,"Estadio Forum de La Guaira","Bravos de Margarita","regular"
215,"cabjea001","2021-22","14/11/2021",19,"Tiburones de la Guaira",8,"Jean Cabrera",0.1,0,0,0,0,0,0,1,6.23,0,0,0,0,0,"Estadio Forum de La Guaira","Bravos de Margarita","regular"
224,,"2021-22","16/11/2021",20,"Aguilas del Zulia",1,"Arik Sikula ",3.2,6,5,5,0,0,0,17,6.43,0,1,0,0,0,"Estadio Luis Aparicio","Tiburones de la Guaira","regular"
225,,"2021-22","16/11/2021",20,"Aguilas del Zulia",2,"Jose Moreno",0,0,2,2,0,3,0,3,7.5,0,0,0,0,0,"Estadio Luis Aparicio","Tiburones de la Guaira","regular"
226,,"2021-22","16/11/2021",20,"Aguilas del Zulia",3,"Arlett Mavare",1.2,3,0,0,0,0,0,7,3.6,0,0,0,0,0,"Estadio Luis Aparicio","Tiburones de la Guaira","regular"
227,,"2021-22","16/11/2021",20,"Aguilas del Zulia",4,"Luis Moncada",1.1,0,0,0,0,0,1,3,5.14,0,0,0,0,0,"Estadio Luis Aparicio","Tiburones de la Guaira","regular"
228,,"2021-22","16/11/2021",20,"Aguilas del Zulia",5,"Eleardo Cabrera",0.1,0,0,0,0,0,0,1,4.5,0,0,0,0,0,"Estadio Luis Aparicio","Tiburones de la Guaira","regular"
229,,"2021-22","16/11/2021",20,"Aguilas del Zulia",6,"Brandon Brosher",1.1,0,0,0,0,1,1,5,4.15,0,0,0,0,0,"Estadio Luis Aparicio","Tiburones de la Guaira","regular"
230,,"2021-22","16/11/2021",20,"Aguilas del Zulia",7,"Gumercindo Gonzalez",0.2,0,0,0,0,0,1,2,4.76,0,0,0,0,0,"Estadio Luis Aparicio","Tiburones de la Guaira","regular"
220,"cavjor001","2021-22","16/11/2021",20,"Tiburones de la Guaira",1,"Jorgan Cavanerio ",6,4,2,1,0,0,2,20,1.35,1,0,0,0,0,"Estadio Luis Aparicio","Aguilas del Zulia","regular"
221,"acoald001","2021-22","16/11/2021",20,"Tiburones de la Guaira",2,"Aldry Acosta",0.2,3,2,2,0,0,0,5,4.91,0,0,0,0,0,"Estadio Luis Aparicio","Aguilas del Zulia","regular"
222,"jimedu001","2021-22","16/11/2021",20,"Tiburones de la Guaira",3,"Eduardo Jiménez ",0.2,1,0,0,0,1,0,4,5.4,0,0,0,0,1,"Estadio Luis Aparicio","Aguilas del Zulia","regular"
223,"herarn001","2021-22","16/11/2021",20,"Tiburones de la Guaira",4,"Arnaldo Hernandez ",1.2,0,0,0,0,0,0,5,5.14,0,0,1,0,0,"Estadio Luis Aparicio","Aguilas del Zulia","regular"
236,,"2021-22","17/11/2021",21,"Aguilas del Zulia",1,"Braulio Torres-Perez",4.2,7,3,3,0,2,6,21,7.23,0,0,0,0,0,"Estadio Luis Aparicio","Tiburones de la Guaira","regular"
237,,"2021-22","17/11/2021",21,"Aguilas del Zulia",2,"Romulo Sanchez",0.2,1,0,0,0,1,0,3,3.18,0,0,0,0,0,"Estadio Luis Aparicio","Tiburones de la Guaira","regular"
238,,"2021-22","17/11/2021",21,"Aguilas del Zulia",3,"Danny Rondon ",1.2,1,1,1,0,1,1,6,1.17,1,0,0,0,0,"Estadio Luis Aparicio","Tiburones de la Guaira","regular"
239,,"2021-22","17/11/2021",21,"Aguilas del Zulia",4,"Brandon Brosher ",0.1,1,0,0,0,0,0,3,3.86,0,0,0,0,1,"Estadio Luis Aparicio","Tiburones de la Guaira","regular"
240,,"2021-22","17/11/2021",21,"Aguilas del Zulia",5,"Silvino Bracho ",1.2,0,0,0,0,0,2,5,1.69,0,0,1,0,0,"Estadio Luis Aparicio","Tiburones de la Guaira","regular"
231,"guejun001","2021-22","17/11/2021",21,"Tiburones de la Guaira",1,"Junior Guerra ",5.1,9,5,4,0,1,2,25,2.6,0,1,0,0,0,"Estadio Luis Aparicio","Aguilas del Zulia","regular"
232,"covraf001","2021-22","17/11/2021",21,"Tiburones de la Guaira",2,"Rafael Cova",0.2,1,0,0,0,0,2,3,6,0,0,0,0,0,"Estadio Luis Aparicio","Aguilas del Zulia","regular"
233,"infgre001","2021-22","17/11/2021",21,"Tiburones de la Guaira",3,"Gregory Infante",1,0,0,0,0,0,1,3,4.91,0,0,0,0,0,"Estadio Luis Aparicio","Aguilas del Zulia","regular"
234,"guzlui001","2021-22","17/11/2021",21,"Tiburones de la Guaira",4,"Luis Guzman",0.1,1,1,1,0,0,1,3,3.68,0,0,0,0,0,"Estadio Luis Aparicio","Aguilas del Zulia","regular"
235,"pinjul001","2021-22","17/11/2021",21,"Tiburones de la Guaira",5,"Julio Pinto",0.2,0,0,0,0,0,0,3,3,0,0,0,0,0,"Estadio Luis Aparicio","Aguilas del Zulia","regular"
246,,"2021-22","18/11/2021",22,"Aguilas del Zulia",1,"Elvis Araujo",5.1,4,4,4,0,3,6,23,7.5,0,0,0,0,0,"Estadio Luis Aparicio","Tiburones de la Guaira","regular"
247,,"2021-22","18/11/2021",22,"Aguilas del Zulia",2,"Romulo Sanchez",0.1,0,0,0,0,2,0,3,3.09,0,0,0,0,0,"Estadio Luis Aparicio","Tiburones de la Guaira","regular"
248,,"2021-22","18/11/2021",22,"Aguilas del Zulia",3,"Will Changarotty",0.1,3,2,2,0,0,0,4,8.22,0,0,0,0,0,"Estadio Luis Aparicio","Tiburones de la Guaira","regular"
249,,"2021-22","18/11/2021",22,"Aguilas del Zulia",4,"Gumercindo Gonzalez",1,1,0,0,0,0,1,4,4.05,0,0,0,0,0,"Estadio Luis Aparicio","Tiburones de la Guaira","regular"
250,,"2021-22","18/11/2021",22,"Aguilas del Zulia",5,"Brandon Brosher",1,0,0,0,0,0,2,3,3.18,0,0,0,0,0,"Estadio Luis Aparicio","Tiburones de la Guaira","regular"
251,,"2021-22","18/11/2021",22,"Aguilas del Zulia",6,"Silvino Bracho ",1,0,0,0,0,1,2,4,1.54,1,0,0,0,0,"Estadio Luis Aparicio","Tiburones de la Guaira","regular"
241,"smimyl001","2021-22","18/11/2021",22,"Tiburones de la Guaira",1,"Myles Smith",4.2,2,0,0,0,4,1,19,4.85,0,0,0,0,0,"Estadio Luis Aparicio","Aguilas del Zulia","regular"
242,"beljoh001","2021-22","18/11/2021",22,"Tiburones de la Guaira",2,"Johan Belisario",1.1,1,3,3,0,2,1,7,4.5,0,0,0,0,0,"Estadio Luis Aparicio","Aguilas del Zulia","regular"
243,"jimedu001","2021-22","18/11/2021",22,"Tiburones de la Guaira",3,"Eduardo Jiménez",0.2,0,2,2,0,2,1,4,9,0,0,0,0,0,"Estadio Luis Aparicio","Aguilas del Zulia","regular"
244,"paleug001","2021-22","18/11/2021",22,"Tiburones de la Guaira",4,"Eugenio Palma ",0.1,1,1,1,1,0,0,2,3.52,0,0,0,1,0,"Estadio Luis Aparicio","Aguilas del Zulia","regular"
245,"acoald001","2021-22","18/11/2021",22,"Tiburones de la Guaira",5,"Aldry Acosta ",1.1,2,1,1,0,0,1,6,5.19,0,1,0,0,0,"Estadio Luis Aparicio","Aguilas del Zulia","regular"
256,,"2021-22","19/11/2021",23,"Aguilas del Zulia",1,"Cesar Jimenez ",4.2,3,3,3,0,3,8,20,4.97,0,1,0,0,0,"Estadio Luis Aparicio","Tiburones de la Guaira","regular"
257,,"2021-22","19/11/2021",23,"Aguilas del Zulia",2,"Danny Rondon",0.2,3,2,2,0,1,1,6,2.25,0,0,0,0,0,"Estadio Luis Aparicio","Tiburones de la Guaira","regular"
258,,"2021-22","19/11/2021",23,"Aguilas del Zulia",3,"Jefferson Medina",0.2,0,0,0,0,0,0,1,6,0,0,0,0,0,"Estadio Luis Aparicio","Tiburones de la Guaira","regular"
259,,"2021-22","19/11/2021",23,"Aguilas del Zulia",4,"Maicor Leon",0.1,2,2,2,0,0,0,3,54,0,0,0,0,0,"Estadio Luis Aparicio","Tiburones de la Guaira","regular"
260,,"2021-22","19/11/2021",23,"Aguilas del Zulia",5,"Giussepe Velasquez",0.2,1,0,0,0,1,1,4,0,0,0,0,0,0,"Estadio Luis Aparicio","Tiburones de la Guaira","regular"
261,,"2021-22","19/11/2021",23,"Aguilas del Zulia",6,"Marcos Tabata",0,0,3,3,0,2,1,3,20.25,0,0,0,0,0,"Estadio Luis Aparicio","Tiburones de la Guaira","regular"
262,,"2021-22","19/11/2021",23,"Aguilas del Zulia",7,"Zaquiel Puentes",1,2,2,2,0,2,1,6,9,0,0,0,0,0,"Estadio Luis Aparicio","Tiburones de la Guaira","regular"
263,,"2021-22","19/11/2021",23,"Aguilas del Zulia",8,"Luis Alberto Ramirez",1,0,0,0,0,0,2,3,0,0,0,0,0,0,"Estadio Luis Aparicio","Tiburones de la Guaira","regular"
252,"florya001","2021-22","19/11/2021",23,"Tiburones de la Guaira",1,"Ryan Flores ",6,2,0,0,0,1,3,22,3.96,1,0,0,0,0,"Estadio Luis Aparicio","Aguilas del Zulia","regular"
253,"infgre001","2021-22","19/11/2021",23,"Tiburones de la Guaira",2,"Gregory Infante",0,2,2,2,0,1,0,3,7.36,0,0,0,0,0,"Estadio Luis Aparicio","Aguilas del Zulia","regular"
254,"covraf001","2021-22","19/11/2021",23,"Tiburones de la Guaira",3,"Rafael Cova",1,0,0,0,0,1,1,4,5.14,0,0,0,0,0,"Estadio Luis Aparicio","Aguilas del Zulia","regular"
255,"pinjul001","2021-22","19/11/2021",23,"Tiburones de la Guaira",4,"Julio Pinto",2,2,0,0,0,1,0,9,2.25,0,0,0,0,0,"Estadio Luis Aparicio","Aguilas del Zulia","regular"
269,"hernel001","2021-22","20/11/2021",24,"Tiburones de la Guaira",1,"Nelson Hernandez ",1.1,5,4,3,0,1,2,10,7.36,0,1,0,0,0,"Estadio Universitario","Tigres de Aragua","regular"
270,"acoald001","2021-22","20/11/2021",24,"Tiburones de la Guaira",2,"Aldry Acosta",0.2,1,0,0,0,0,0,3,4.82,0,0,0,0,0,"Estadio Universitario","Tigres de Aragua","regular"
271,"idreud001","2021-22","20/11/2021",24,"Tiburones de la Guaira",3,"Eudis Idrogo",1.1,2,1,1,0,0,0,5,8.59,0,0,0,0,0,"Estadio Universitario","Tigres de Aragua","regular"
272,"davdav001","2021-22","20/11/2021",24,"Tiburones de la Guaira",4,"David Davalillo",0.1,1,1,1,0,0,0,4,13.5,0,0,0,0,0,"Estadio Universitario","Tigres de Aragua","regular"
273,"guzlui001","2021-22","20/11/2021",24,"Tiburones de la Guaira",5,"Luis Guzman",0.2,2,3,1,0,0,1,5,4.5,0,0,0,0,0,"Estadio Universitario","Tigres de Aragua","regular"
274,"beljoh001","2021-22","20/11/2021",24,"Tiburones de la Guaira",6,"Johan Belisario",0.1,1,3,0,1,2,0,4,4.26,0,0,0,0,0,"Estadio Universitario","Tigres de Aragua","regular"
275,"paleug001","2021-22","20/11/2021",24,"Tiburones de la Guaira",7,"Eugenio Palma",0.1,2,0,0,0,0,0,3,3.38,0,0,0,0,0,"Estadio Universitario","Tigres de Aragua","regular"
276,"diavic001","2021-22","20/11/2021",24,"Tiburones de la Guaira",8,"Victor Diaz",2,0,0,0,0,0,1,6,6.46,0,0,0,0,0,"Estadio Universitario","Tigres de Aragua","regular"
277,"infgre001","2021-22","20/11/2021",24,"Tiburones de la Guaira",9,"Gregory Infante",0,4,4,4,1,0,0,4,12.27,0,0,0,0,0,"Estadio Universitario","Tigres de Aragua","regular"
278,"herarn001","2021-22","20/11/2021",24,"Tiburones de la Guaira",10,"Arnaldo Hernandez",1.2,2,2,2,1,0,1,7,6.23,0,0,0,0,0,"Estadio Universitario","Tigres de Aragua","regular"
279,"medhen001","2021-22","20/11/2021",24,"Tiburones de la Guaira",11,"Henry Medina",0.1,0,0,0,0,0,0,1,0,0,0,0,0,0,"Estadio Universitario","Tigres de Aragua","regular"
264,,"2021-22","20/11/2021",24,"Tigres de Aragua",1,"Elih Villanueva ",5.1,10,8,7,1,2,2,27,4.84,1,0,0,0,0,"Estadio Universitario","Tiburones de la Guaira","regular"
265,,"2021-22","20/11/2021",24,"Tigres de Aragua",2,"Dennis Herrera",0.1,2,2,2,0,1,0,4,7.2,0,0,0,0,0,"Estadio Universitario","Tiburones de la Guaira","regular"
266,,"2021-22","20/11/2021",24,"Tigres de Aragua",3,"Leonel Campos ",1.1,1,0,0,0,0,1,5,4.5,0,0,0,0,1,"Estadio Universitario","Tiburones de la Guaira","regular"
267,,"2021-22","20/11/2021",24,"Tigres de Aragua",4,"Geoff Broussard",1,2,0,0,0,1,0,5,4.22,0,0,0,0,0,"Estadio Universitario","Tiburones de la Guaira","regular"
268,,"2021-22","20/11/2021",24,"Tigres de Aragua",5,"Ronald Belisario",1,2,0,0,0,0,1,5,6.75,0,0,0,0,0,"Estadio Universitario","Tiburones de la Guaira","regular"
280,,"2021-22","23/11/2021",25,"Cardenales de Lara",1,"Jackson Stephens ",5,3,0,0,0,1,5,19,1.33,1,0,0,0,0,"Estadio Forum de La Guaira","Tiburones de la Guaira","regular"
281,,"2021-22","23/11/2021",25,"Cardenales de Lara",2,"Maximo Castillo",1,0,0,0,0,0,1,3,6.23,0,0,0,0,0,"Estadio Forum de La Guaira","Tiburones de la Guaira","regular"
282,,"2021-22","23/11/2021",25,"Cardenales de Lara",3,"Argenis Angulo",1,1,0,0,0,0,2,4,8,0,0,0,0,0,"Estadio Forum de La Guaira","Tiburones de la Guaira","regular"
283,,"2021-22","23/11/2021",25,"Cardenales de Lara",4,"Vicente Campos",1,0,0,0,0,0,0,3,3,0,0,0,0,0,"Estadio Forum de La Guaira","Tiburones de la Guaira","regular"
284,,"2021-22","23/11/2021",25,"Cardenales de Lara",5,"Elvis Escobar",1,0,0,0,0,0,1,3,1.13,0,0,0,0,0,"Estadio Forum de La Guaira","Tiburones de la Guaira","regular"
285,"guejun001","2021-22","23/11/2021",25,"Tiburones de la Guaira",1,"Junior Guerra ",5.2,8,4,4,1,2,2,25,3.52,0,1,0,0,0,"Estadio Forum de La Guaira","Cardenales de Lara","regular"
286,"diavic001","2021-22","23/11/2021",25,"Tiburones de la Guaira",2,"Victor Diaz",0.2,1,0,0,0,1,0,4,6.19,0,0,0,0,0,"Estadio Forum de La Guaira","Cardenales de Lara","regular"
287,"jimedu001","2021-22","23/11/2021",25,"Tiburones de la Guaira",3,"Eduardo Jiménez",1.2,2,2,2,0,1,0,8,9.53,0,0,0,0,0,"Estadio Forum de La Guaira","Cardenales de Lara","regular"
288,"pinjul001","2021-22","23/11/2021",25,"Tiburones de la Guaira",4,"Julio Pinto",0,4,3,3,1,0,0,4,5.63,0,0,0,0,0,"Estadio Forum de La Guaira","Cardenales de Lara","regular"
289,"guzlui001","2021-22","23/11/2021",25,"Tiburones de la Guaira",5,"Luis Guzman",1,0,0,0,0,1,1,4,4,0,0,0,0,0,"Estadio Forum de La Guaira","Cardenales de Lara","regular"
290,,"2021-22","24/11/2021",26,"Aguilas del Zulia",1,"Elvis Araujo",4,2,0,0,0,2,2,15,6.43,0,0,0,0,0,"Estadio Universitario","Tiburones de la Guaira","regular"
291,,"2021-22","24/11/2021",26,"Aguilas del Zulia",2,"Carlos Betancourt ",3,1,0,0,0,1,0,10,0.75,1,0,0,0,0,"Estadio Universitario","Tiburones de la Guaira","regular"
292,,"2021-22","24/11/2021",26,"Aguilas del Zulia",3,"Brandon Brosher",1,0,0,0,0,0,1,3,2.7,0,0,0,0,0,"Estadio Universitario","Tiburones de la Guaira","regular"
293,,"2021-22","24/11/2021",26,"Aguilas del Zulia",4,"Arik Sikula",1,0,0,0,0,0,2,3,6,0,0,0,0,0,"Estadio Universitario","Tiburones de la Guaira","regular"
294,"cavjor001","2021-22","24/11/2021",26,"Tiburones de la Guaira",1,"Jorgan Cavanerio ",3.1,7,6,6,0,3,3,20,3,0,1,0,0,0,"Estadio Universitario","Aguilas del Zulia","regular"
295,"acoald001","2021-22","24/11/2021",26,"Tiburones de la Guaira",2,"Aldry Acosta",2.2,2,0,0,0,1,1,10,3.75,0,0,0,0,0,"Estadio Universitario","Aguilas del Zulia","regular"
296,"infgre001","2021-22","24/11/2021",26,"Tiburones de la Guaira",3,"Gregory Infante",1,0,0,0,0,0,0,3,10.8,0,0,0,0,0,"Estadio Universitario","Aguilas del Zulia","regular"
297,"hernel001","2021-22","24/11/2021",26,"Tiburones de la Guaira",4,"Nelson Hernandez",1,0,0,0,0,0,1,3,6.48,0,0,0,0,0,"Estadio Universitario","Aguilas del Zulia","regular"
298,"herarn001","2021-22","24/11/2021",26,"Tiburones de la Guaira",5,"Arnaldo Hernandez",1,0,0,0,0,0,2,3,5.59,0,0,0,0,0,"Estadio Universitario","Aguilas del Zulia","regular"
305,,"2021-22","25/11/2021",27,"Caribes de Anzoategui",1,"Jheyson Manzueta",1.2,5,5,5,1,3,1,13,7.99,0,0,0,0,0,"Estadio Alfonso Carrasquel","Tiburones de la Guaira","regular"
306,,"2021-22","25/11/2021",27,"Caribes de Anzoategui",2,"Angel Guillen",0.1,0,0,0,0,0,0,1,9.53,0,0,0,0,0,"Estadio Alfonso Carrasquel","Tiburones de la Guaira","regular"
307,,"2021-22","25/11/2021",27,"Caribes de Anzoategui",3,"Daniel Gonzalez",0.2,3,2,2,0,0,1,5,3.86,0,0,0,0,0,"Estadio Alfonso Carrasquel","Tiburones de la Guaira","regular"
308,,"2021-22","25/11/2021",27,"Caribes de Anzoategui",4,"Freddy Pacheco",0.1,0,0,0,0,2,1,3,16.88,0,0,0,0,0,"Estadio Alfonso Carrasquel","Tiburones de la Guaira","regular"
309,,"2021-22","25/11/2021",27,"Caribes de Anzoategui",5,"Oddanier Mosqueda",0.1,1,1,1,0,2,1,4,12.6,0,0,0,0,0,"Estadio Alfonso Carrasquel","Tiburones de la Guaira","regular"
310,,"2021-22","25/11/2021",27,"Caribes de Anzoategui",6,"José Domínguez",2.1,1,0,0,0,1,3,8,8.31,0,0,0,0,0,"Estadio Alfonso Carrasquel","Tiburones de la Guaira","regular"
311,,"2021-22","25/11/2021",27,"Caribes de Anzoategui",7,"Andres Sotillet",1.1,0,0,0,0,1,0,4,2.45,0,0,0,0,0,"Estadio Alfonso Carrasquel","Tiburones de la Guaira","regular"
312,,"2021-22","25/11/2021",27,"Caribes de Anzoategui",8,"Andres Machado",2,4,1,1,0,0,1,9,1.32,0,0,0,0,0,"Estadio Alfonso Carrasquel","Tiburones de la Guaira","regular"
313,,"2021-22","25/11/2021",27,"Caribes de Anzoategui",9,"Jean Toledo ",1,0,0,0,0,0,0,2,5.4,1,0,0,0,0,"Estadio Alfonso Carrasquel","Tiburones de la Guaira","regular"
299,"smimyl001","2021-22","25/11/2021",27,"Tiburones de la Guaira",1,"Myles Smith",3,8,7,6,1,1,2,18,7.31,0,0,0,0,0,"Estadio Alfonso Carrasquel","Caribes de Anzoategui","regular"
300,"idreud001","2021-22","25/11/2021",27,"Tiburones de la Guaira",2,"Eudis Idrogo",0.1,1,0,0,0,1,0,3,8.4,0,0,0,0,0,"Estadio Alfonso Carrasquel","Caribes de Anzoategui","regular"
301,"jimedu001","2021-22","25/11/2021",27,"Tiburones de la Guaira",3,"Eduardo Jiménez ",0.2,0,0,0,0,1,1,3,8.53,0,0,0,0,1,"Estadio Alfonso Carrasquel","Caribes de Anzoategui","regular"
302,"diavic001","2021-22","25/11/2021",27,"Tiburones de la Guaira",4,"Victor Diaz ",3,1,0,0,0,0,2,10,5.21,0,0,0,0,1,"Estadio Alfonso Carrasquel","Caribes de Anzoategui","regular"
303,"paleug001","2021-22","25/11/2021",27,"Tiburones de la Guaira",5,"Eugenio Palma ",1,1,1,1,0,1,1,5,4,0,0,0,0,1,"Estadio Alfonso Carrasquel","Caribes de Anzoategui","regular"
304,"herarn001","2021-22","25/11/2021",27,"Tiburones de la Guaira",6,"Arnaldo Hernandez ",1,3,2,1,1,1,0,8,5.91,0,1,0,0,0,"Estadio Alfonso Carrasquel","Caribes de Anzoategui","regular"
321,,"2021-22","26/11/2021",28,"Caribes de Anzoategui",1,"Rafael Pineda ",6,4,1,0,0,2,3,25,0,1,0,0,0,0,"Estadio Alfonso Carrasquel","Tiburones de la Guaira","regular"
322,,"2021-22","26/11/2021",28,"Caribes de Anzoategui",2,"Liarvis Breto",1.1,1,3,3,0,2,1,7,5.09,0,0,0,0,0,"Estadio Alfonso Carrasquel","Tiburones de la Guaira","regular"
323,,"2021-22","26/11/2021",28,"Caribes de Anzoategui",3,"Andres Sotillet ",0.2,1,1,0,0,0,1,4,2.31,0,0,0,0,1,"Estadio Alfonso Carrasquel","Tiburones de la Guaira","regular"
324,,"2021-22","26/11/2021",28,"Caribes de Anzoategui",4,"Lester Oliveros ",1,0,0,0,0,0,2,3,5.4,0,0,1,0,0,"Estadio Alfonso Carrasquel","Tiburones de la Guaira","regular"
314,"florya001","2021-22","26/11/2021",28,"Tiburones de la Guaira",1,"Ryan Flores ",2.2,5,5,5,1,1,3,15,5.2,0,1,0,0,0,"Estadio Alfonso Carrasquel","Caribes de Anzoategui","regular"
315,"ramedu001","2021-22","26/11/2021",28,"Tiburones de la Guaira",2,"Edubray Ramos",0.2,1,1,1,0,1,1,4,12.46,0,0,0,0,0,"Estadio Alfonso Carrasquel","Caribes de Anzoategui","regular"
316,"guzlui001","2021-22","26/11/2021",28,"Tiburones de la Guaira",3,"Luis Guzman",0.2,0,0,0,0,0,1,2,3.72,0,0,0,0,0,"Estadio Alfonso Carrasquel","Caribes de Anzoategui","regular"
317,"guzemi001","2021-22","26/11/2021",28,"Tiburones de la Guaira",4,"Emilker Guzman",1.1,1,0,0,0,1,1,6,4.15,0,0,0,0,0,"Estadio Alfonso Carrasquel","Caribes de Anzoategui","regular"
318,"idreud001","2021-22","26/11/2021",28,"Tiburones de la Guaira",5,"Eudis Idrogo",0.2,1,0,0,0,1,1,3,8.04,0,0,0,0,0,"Estadio Alfonso Carrasquel","Caribes de Anzoategui","regular"
319,"pinjul001","2021-22","26/11/2021",28,"Tiburones de la Guaira",6,"Julio Pinto",1,0,0,0,0,0,3,3,5,0,0,0,0,0,"Estadio Alfonso Carrasquel","Caribes de Anzoategui","regular"
320,"beljoh001","2021-22","26/11/2021",28,"Tiburones de la Guaira",7,"Johan Belisario",1,1,0,0,0,0,0,3,3.68,0,0,0,0,0,"Estadio Alfonso Carrasquel","Caribes de Anzoategui","regular"
334,"infgre001","2021-22","27/11/2022",29,"Tiburones de la Guaira",1,"Gregory Infante",2.1,2,1,1,0,0,1,10,9.28,0,0,0,0,0,"Estadio Universitario","Tigres de Aragua","regular"
335,"acoald001","2021-22","27/11/2022",29,"Tiburones de la Guaira",2,"Aldry Acosta",1.2,2,1,1,0,1,0,8,3.95,0,0,0,0,0,"Estadio Universitario","Tigres de Aragua","regular"
336,"hernel001","2021-22","27/11/2022",29,"Tiburones de la Guaira",3,"Nelson Hernandez",1.1,3,0,0,0,0,1,6,5.59,0,0,0,0,0,"Estadio Universitario","Tigres de Aragua","regular"
337,"guzlui001","2021-22","27/11/2022",29,"Tiburones de la Guaira",4,"Luis Guzman ",0.2,1,1,1,0,0,0,3,4.35,0,0,0,0,1,"Estadio Universitario","Tigres de Aragua","regular"
338,"jimedu001","2021-22","27/11/2022",29,"Tiburones de la Guaira",5,"Eduardo Jiménez",1,1,0,0,0,0,2,4,7.36,0,0,0,0,0,"Estadio Universitario","Tigres de Aragua","regular"
339,"paleug001","2021-22","27/11/2022",29,"Tiburones de la Guaira",6,"Eugenio Palma",1,1,0,0,0,0,1,4,3.6,0,0,0,0,0,"Estadio Universitario","Tigres de Aragua","regular"
340,"pinjul001","2021-22","27/11/2022",29,"Tiburones de la Guaira",7,"Julio Pinto",0.1,1,2,2,0,1,1,3,6.75,0,0,0,0,0,"Estadio Universitario","Tigres de Aragua","regular"
341,"idreud001","2021-22","27/11/2022",29,"Tiburones de la Guaira",8,"Eudis Idrogo ",0,2,3,3,0,0,0,3,9.77,0,1,0,0,0,"Estadio Universitario","Tigres de Aragua","regular"
342,"herarn001","2021-22","27/11/2022",29,"Tiburones de la Guaira",9,"Arnaldo Hernandez ",0.2,1,0,0,0,2,0,5,5.56,0,0,0,1,0,"Estadio Universitario","Tigres de Aragua","regular"
325,,"2021-22","27/11/2022",29,"Tigres de Aragua",1,"Alexis Candelario",2,0,0,0,0,1,2,7,8.44,0,0,0,0,0,"Estadio Universitario","Tiburones de la Guaira","regular"
326,,"2021-22","27/11/2022",29,"Tigres de Aragua",2,"Osmer Morales",2.2,4,3,1,0,2,0,13,11.37,0,0,0,0,0,"Estadio Universitario","Tiburones de la Guaira","regular"
327,,"2021-22","27/11/2022",29,"Tigres de Aragua",3,"Carlos Zamora ",0.1,2,1,0,0,0,0,2,1.8,0,0,0,1,0,"Estadio Universitario","Tiburones de la Guaira","regular"
328,,"2021-22","27/11/2022",29,"Tigres de Aragua",4,"Ismael Guillón",0.1,3,3,2,0,0,0,4,9.95,0,0,0,0,0,"Estadio Universitario","Tiburones de la Guaira","regular"
329,,"2021-22","27/11/2022",29,"Tigres de Aragua",5,"Jesus Sanchez",1.1,1,0,0,0,0,0,5,7.47,0,0,0,0,0,"Estadio Universitario","Tiburones de la Guaira","regular"
330,,"2021-22","27/11/2022",29,"Tigres de Aragua",6,"Dennis Herrera",0.1,0,0,0,0,0,0,1,6.75,0,0,0,0,0,"Estadio Universitario","Tiburones de la Guaira","regular"
331,,"2021-22","27/11/2022",29,"Tigres de Aragua",7,"Leonel Campos ",1,0,0,0,0,0,0,3,4.66,1,0,0,0,0,"Estadio Universitario","Tiburones de la Guaira","regular"
332,,"2021-22","27/11/2022",29,"Tigres de Aragua",8,"Henry Alberto Rodriguez ",0.2,0,0,0,0,2,1,4,0.71,0,0,0,0,1,"Estadio Universitario","Tiburones de la Guaira","regular"
333,,"2021-22","27/11/2022",29,"Tigres de Aragua",9,"Geoff Broussard ",0.1,0,0,0,0,0,0,1,3,0,0,1,0,0,"Estadio Universitario","Tiburones de la Guaira","regular"
349,"guejun001","2021-22","28/11/2022",30,"Tiburones de la Guaira",1,"Junior Guerra",7,8,2,2,1,2,6,29,3.3,0,0,0,0,0,"Estadio Forum de La Guaira","Tigres de Aragua","regular"
350,"diavic001","2021-22","28/11/2022",30,"Tiburones de la Guaira",2,"Victor Diaz ",0.2,1,1,1,0,1,2,4,5.49,0,0,0,1,0,"Estadio Forum de La Guaira","Tigres de Aragua","regular"
351,"paleug001","2021-22","28/11/2022",30,"Tiburones de la Guaira",3,"Eugenio Palma",1,0,0,0,0,0,1,3,3.27,0,0,0,0,0,"Estadio Forum de La Guaira","Tigres de Aragua","regular"
352,"cavjor001","2021-22","28/11/2022",30,"Tiburones de la Guaira",4,"Jorgan Cavanerio ",0.2,3,2,1,0,2,0,7,3.23,0,1,0,0,0,"Estadio Forum de La Guaira","Tigres de Aragua","regular"
353,"pinjul001","2021-22","28/11/2022",30,"Tiburones de la Guaira",5,"Julio Pinto",0.2,0,0,0,0,0,0,1,6.3,0,0,0,0,0,"Estadio Forum de La Guaira","Tigres de Aragua","regular"
343,,"2021-22","28/11/2022",30,"Tigres de Aragua",1,"Angel Padron",3.2,4,3,2,0,3,2,18,2.95,0,0,0,0,0,"Estadio Forum de La Guaira","Tiburones de la Guaira","regular"
344,,"2021-22","28/11/2022",30,"Tigres de Aragua",2,"Ramon Garcia",2.1,1,0,0,0,0,1,8,3.91,0,0,0,0,0,"Estadio Forum de La Guaira","Tiburones de la Guaira","regular"
345,,"2021-22","28/11/2022",30,"Tigres de Aragua",3,"Francisco Carrillo",1,0,0,0,0,0,1,3,3.24,0,0,0,0,0,"Estadio Forum de La Guaira","Tiburones de la Guaira","regular"
346,,"2021-22","28/11/2022",30,"Tigres de Aragua",4,"Leonel Campos",0.2,0,0,0,0,1,1,3,4.35,0,0,0,0,0,"Estadio Forum de La Guaira","Tiburones de la Guaira","regular"
347,,"2021-22","28/11/2022",30,"Tigres de Aragua",5,"Ismael Guillón",0.1,0,0,0,0,0,0,1,9.45,0,0,0,0,0,"Estadio Forum de La Guaira","Tiburones de la Guaira","regular"
348,,"2021-22","28/11/2022",30,"Tigres de Aragua",6,"Ronald Belisario ",2,2,0,0,0,2,1,10,5.79,1,0,0,0,0,"Estadio Forum de La Guaira","Tiburones de la Guaira","regular"
354,"cavjor001","2021-22","30/11/2022",31,"Tiburones de la Guaira",1,"Jorgan Cavanerio ",6,7,3,1,1,0,4,27,2.95,1,0,0,0,0,"Estadio Jose Perez Colmenares","Tigres de Aragua","regular"
355,"herarn001","2021-22","30/11/2022",31,"Tiburones de la Guaira",2,"Arnaldo Hernandez ",1,0,0,0,0,0,1,3,5.11,0,0,0,0,1,"Estadio Jose Perez Colmenares","Tigres de Aragua","regular"
356,"pinjul001","2021-22","30/11/2022",31,"Tiburones de la Guaira",3,"Julio Pinto ",0.1,0,0,0,0,1,0,3,6.1,0,0,0,0,1,"Estadio Jose Perez Colmenares","Tigres de Aragua","regular"
357,"guzlui001","2021-22","30/11/2022",31,"Tiburones de la Guaira",4,"Luis Guzman ",0.2,0,0,0,0,0,0,1,4.09,0,0,0,0,1,"Estadio Jose Perez Colmenares","Tigres de Aragua","regular"
358,"infgre001","2021-22","30/11/2022",31,"Tiburones de la Guaira",5,"Gregory Infante ",1,1,0,0,0,1,1,5,8.49,0,0,1,0,0,"Estadio Jose Perez Colmenares","Tigres de Aragua","regular"
359,,"2021-22","30/11/2022",31,"Tigres de Aragua",1,"Osmer Morales",4,6,2,2,0,0,2,18,9.72,0,0,0,0,0,"Estadio Jose Perez Colmenares","Tiburones de la Guaira","regular"
360,,"2021-22","30/11/2022",31,"Tigres de Aragua",2,"Francisco Carrillo",2,3,1,1,0,0,0,8,3.38,0,0,0,0,0,"Estadio Jose Perez Colmenares","Tiburones de la Guaira","regular"
361,,"2021-22","30/11/2022",31,"Tigres de Aragua",3,"Leonel Campos ",0.1,1,1,1,0,1,0,3,5.06,0,1,0,0,0,"Estadio Jose Perez Colmenares","Tiburones de la Guaira","regular"
362,,"2021-22","30/11/2022",31,"Tigres de Aragua",4,"Ismael Guillón",0.2,0,0,0,0,0,0,1,8.59,0,0,0,0,0,"Estadio Jose Perez Colmenares","Tiburones de la Guaira","regular"
363,,"2021-22","30/11/2022",31,"Tigres de Aragua",5,"Geoff Broussard",1,0,0,0,0,0,2,3,2.81,0,0,0,0,0,"Estadio Jose Perez Colmenares","Tiburones de la Guaira","regular"
364,,"2021-22","30/11/2022",31,"Tigres de Aragua",6,"Henry Alberto Rodriguez",1,1,1,1,0,0,0,4,1.32,0,0,0,0,0,"Estadio Jose Perez Colmenares","Tiburones de la Guaira","regular"
365,,"2021-22","02/12/2022",32,"Leones del Caracas",1,"Jhonathan Diaz",4,4,2,2,0,2,4,18,11.37,0,0,0,0,0,"Estadio Forum de La Guaira","Tiburones de la Guaira","regular"
366,,"2021-22","02/12/2022",32,"Leones del Caracas",2,"Gerson Garabito",1,1,0,0,0,0,0,4,0,0,0,0,0,0,"Estadio Forum de La Guaira","Tiburones de la Guaira","regular"
367,,"2021-22","02/12/2022",32,"Leones del Caracas",3,"Ricardo Rodríguez ",1,0,0,0,0,0,0,3,9,1,0,0,0,0,"Estadio Forum de La Guaira","Tiburones de la Guaira","regular"
368,,"2021-22","02/12/2022",32,"Leones del Caracas",4,"Eduardo Paredes",1,0,0,0,0,0,1,3,3.38,0,0,0,0,0,"Estadio Forum de La Guaira","Tiburones de la Guaira","regular"
369,,"2021-22","02/12/2022",32,"Leones del Caracas",5,"Jesus Zambrano",1,0,0,0,0,1,1,4,1.93,0,0,0,0,0,"Estadio Forum de La Guaira","Tiburones de la Guaira","regular"
370,,"2021-22","02/12/2022",32,"Leones del Caracas",6,"Loiger Padron",0,3,2,2,0,0,0,3,10.67,0,0,0,0,0,"Estadio Forum de La Guaira","Tiburones de la Guaira","regular"
371,,"2021-22","02/12/2022",32,"Leones del Caracas",7,"José Torres",1,1,0,0,0,0,3,4,4.11,0,0,0,0,0,"Estadio Forum de La Guaira","Tiburones de la Guaira","regular"
372,"diavic001","2021-22","02/12/2022",32,"Tiburones de la Guaira",1,"Victor Diaz ",2,5,4,4,1,3,2,14,6.65,0,1,0,0,0,"Estadio Forum de La Guaira","Leones del Caracas","regular"
373,"medhen001","2021-22","02/12/2022",32,"Tiburones de la Guaira",2,"Henry Medina",0.1,2,3,3,1,1,1,4,40.5,0,0,0,0,0,"Estadio Forum de La Guaira","Leones del Caracas","regular"
374,"beljoh001","2021-22","02/12/2022",32,"Tiburones de la Guaira",3,"Johan Belisario",2,3,0,0,0,0,1,9,2.89,0,0,0,0,0,"Estadio Forum de La Guaira","Leones del Caracas","regular"
375,"guzemi001","2021-22","02/12/2022",32,"Tiburones de la Guaira",4,"Emilker Guzman",1.2,0,0,0,0,0,1,5,3,0,0,0,0,0,"Estadio Forum de La Guaira","Leones del Caracas","regular"
376,"jimedu001","2021-22","02/12/2022",32,"Tiburones de la Guaira",5,"Eduardo Jiménez",1,0,0,0,0,0,2,3,6.48,0,0,0,0,0,"Estadio Forum de La Guaira","Leones del Caracas","regular"
377,"covraf001","2021-22","02/12/2022",32,"Tiburones de la Guaira",6,"Rafael Cova",1,0,0,0,0,0,1,3,4.5,0,0,0,0,0,"Estadio Forum de La Guaira","Leones del Caracas","regular"
378,"pinjul001","2021-22","02/12/2022",32,"Tiburones de la Guaira",7,"Julio Pinto",1,2,2,2,1,1,1,6,7.15,0,0,0,0,0,"Estadio Forum de La Guaira","Leones del Caracas","regular"
380,,"2021-22","02/12/2022",33,"Leones del Caracas",1,"Ronald Herrera",5,4,0,0,0,1,2,18,3.79,0,0,0,0,0,"Estadio Universitario","Tiburones de la Guaira","regular"
381,,"2021-22","02/12/2022",33,"Leones del Caracas",2,"Jefry Valdez ",3,0,0,0,0,1,1,10,13.5,1,0,0,0,0,"Estadio Universitario","Tiburones de la Guaira","regular"
382,,"2021-22","02/12/2022",33,"Leones del Caracas",3,"Jesus Zambrano ",1,0,0,0,0,0,1,3,1.83,0,0,1,0,0,"Estadio Universitario","Tiburones de la Guaira","regular"
379,"guejun001","2021-22","02/12/2022",33,"Tiburones de la Guaira",1,"Junior Guerra ",8,5,1,1,0,1,8,31,2.84,0,1,0,0,0,"Estadio Universitario","Caribes de Anzoategui","regular"
383,,"2021-22","04/12/2022",34,"Caribes de Anzoategui",1,"Liarvis Breto ",5.2,7,6,6,0,2,2,26,5.76,1,0,0,0,0,"Estadio Universitario","Tiburones de la Guaira","regular"
384,,"2021-22","04/12/2022",34,"Caribes de Anzoategui",2,"José Domínguez ",0.1,2,0,0,0,0,0,3,6.92,0,0,0,0,1,"Estadio Universitario","Tiburones de la Guaira","regular"
385,,"2021-22","04/12/2022",34,"Caribes de Anzoategui",3,"Yeizo Campos",0.1,3,2,2,0,1,0,5,3.75,0,0,0,0,0,"Estadio Universitario","Tiburones de la Guaira","regular"
386,,"2021-22","04/12/2022",34,"Caribes de Anzoategui",4,"Andres Sotillet ",0.2,0,0,0,0,0,2,3,2.2,0,0,1,0,0,"Estadio Universitario","Tiburones de la Guaira","regular"
387,"herarn001","2021-22","04/12/2022",34,"Tiburones de la Guaira",1,"Arnaldo Hernandez ",0.2,5,4,4,0,0,0,7,7.62,0,1,0,0,0,"Estadio Universitario","Caribes de Anzoategui","regular"
388,"ramedu001","2021-22","04/12/2022",34,"Tiburones de la Guaira",2,"Edubray Ramos",2.1,2,1,1,0,1,2,9,9.45,0,0,0,0,0,"Estadio Universitario","Caribes de Anzoategui","regular"
389,"jimedu001","2021-22","04/12/2022",34,"Tiburones de la Guaira",3,"Eduardo Jiménez",1.1,1,2,2,0,1,0,6,7.45,0,0,0,0,0,"Estadio Universitario","Caribes de Anzoategui","regular"
390,"guzemi001","2021-22","04/12/2022",34,"Tiburones de la Guaira",4,"Emilker Guzman",1.1,3,1,1,0,2,0,9,3.68,0,0,0,0,0,"Estadio Universitario","Caribes de Anzoategui","regular"
391,"lezang001","2021-22","04/12/2022",34,"Tiburones de la Guaira",5,"Angel Lezama",0.2,1,2,2,0,1,1,5,27,0,0,0,0,0,"Estadio Universitario","Caribes de Anzoategui","regular"
392,"guzlui001","2021-22","04/12/2022",34,"Tiburones de la Guaira",6,"Luis Guzman",0.1,2,1,1,0,0,0,3,4.76,0,0,0,0,0,"Estadio Universitario","Caribes de Anzoategui","regular"
393,"pinjul001","2021-22","04/12/2022",34,"Tiburones de la Guaira",7,"Julio Pinto",0.1,1,0,0,0,0,0,1,6.94,0,0,0,0,0,"Estadio Universitario","Caribes de Anzoategui","regular"
394,,"2021-22","04/12/2022",35,"Caribes de Anzoategui",1,"Jesus Paricaguan",1.1,3,2,2,0,1,0,7,7.71,0,0,0,0,0,"Estadio Universitario","Tiburones de la Guaira","regular"
395,,"2021-22","04/12/2022",35,"Caribes de Anzoategui",2,"Jean Toledo",0.2,1,0,0,0,0,0,3,4.5,0,0,0,0,0,"Estadio Universitario","Tiburones de la Guaira","regular"
396,,"2021-22","04/12/2022",35,"Caribes de Anzoategui",3,"Freddy Pacheco ",0.1,1,1,1,0,1,0,3,16.2,0,0,0,1,0,"Estadio Universitario","Tiburones de la Guaira","regular"
397,,"2021-22","04/12/2022",35,"Caribes de Anzoategui",4,"Ivan Medina ",1.2,3,3,1,0,1,2,10,7.88,0,1,0,0,0,"Estadio Universitario","Tiburones de la Guaira","regular"
398,,"2021-22","04/12/2022",35,"Caribes de Anzoategui",5,"Oddanier Mosqueda",1,0,0,0,0,0,0,3,10.5,0,0,0,0,0,"Estadio Universitario","Tiburones de la Guaira","regular"
399,,"2021-22","04/12/2022",35,"Caribes de Anzoategui",6,"Jose Ascanio",1,0,0,0,0,1,1,4,3.38,0,0,0,0,0,"Estadio Universitario","Tiburones de la Guaira","regular"
400,"idreud001","2021-22","04/12/2022",35,"Tiburones de la Guaira",1,"Eudis Idrogo",2.1,4,3,3,0,2,1,12,10,0,0,0,0,0,"Estadio Universitario","Caribes de Anzoategui","regular"
401,"smimyl001","2021-22","04/12/2022",35,"Tiburones de la Guaira",2,"Myles Smith ",1.2,0,0,0,0,1,1,6,6.62,1,0,0,0,0,"Estadio Universitario","Caribes de Anzoategui","regular"
402,"paleug001","2021-22","04/12/2022",35,"Tiburones de la Guaira",3,"Eugenio Palma ",1,0,0,0,0,0,0,3,3,0,0,0,0,1,"Estadio Universitario","Caribes de Anzoategui","regular"
403,"covraf001","2021-22","04/12/2022",35,"Tiburones de la Guaira",4,"Rafael Cova ",0.2,2,1,1,0,1,1,6,5.19,0,0,0,0,1,"Estadio Universitario","Caribes de Anzoategui","regular"
404,"infgre001","2021-22","04/12/2022",35,"Tiburones de la Guaira",5,"Gregory Infante ",1.1,0,0,0,0,0,1,4,7.62,0,0,1,0,0,"Estadio Universitario","Caribes de Anzoategui","regular"
411,,"2021-22","05/12/2022",36,"Navegantes del Magallanes",1,"Erick Leal ",6,3,1,1,1,1,3,21,4.12,1,0,0,0,0,"Estadio Jose Bernardo Perez","Tiburones de la Guaira","regular"
412,,"2021-22","05/12/2022",36,"Navegantes del Magallanes",2,"Arcenio Leon",0.1,2,3,3,0,1,0,4,8.64,0,0,0,0,0,"Estadio Jose Bernardo Perez","Tiburones de la Guaira","regular"
413,,"2021-22","05/12/2022",36,"Navegantes del Magallanes",3,"Anthony Vizcaya ",0.2,1,0,0,0,0,0,3,2.4,0,0,0,0,1,"Estadio Jose Bernardo Perez","Tiburones de la Guaira","regular"
414,,"2021-22","05/12/2022",36,"Navegantes del Magallanes",4,"Wilking Rodriguez",1,1,0,0,0,0,2,4,4.32,0,0,0,0,0,"Estadio Jose Bernardo Perez","Tiburones de la Guaira","regular"
415,,"2021-22","05/12/2022",36,"Navegantes del Magallanes",5,"Gabriel Moya",0.2,1,0,0,0,0,0,3,12.91,0,0,0,0,0,"Estadio Jose Bernardo Perez","Tiburones de la Guaira","regular"
416,,"2021-22","05/12/2022",36,"Navegantes del Magallanes",6,"Jorge Rondon",0.1,1,0,0,0,0,0,2,7.98,0,0,0,0,0,"Estadio Jose Bernardo Perez","Tiburones de la Guaira","regular"
405,"cavjor001","2021-22","05/12/2022",36,"Tiburones de la Guaira",1,"Jorgan Cavanerio ",5.1,7,6,6,1,1,1,24,3.86,0,1,0,0,0,"Estadio Jose Bernardo Perez","Navegantes del Magallanes","regular"
406,"jimedu001","2021-22","05/12/2022",36,"Tiburones de la Guaira",2,"Eduardo Jiménez",0,2,0,0,0,1,0,3,7.45,0,0,0,0,0,"Estadio Jose Bernardo Perez","Navegantes del Magallanes","regular"
407,"florya001","2021-22","05/12/2022",36,"Tiburones de la Guaira",3,"Ryan Flores",1,2,2,2,0,0,1,5,5.65,0,0,0,0,0,"Estadio Jose Bernardo Perez","Navegantes del Magallanes","regular"
408,"paleug001","2021-22","05/12/2022",36,"Tiburones de la Guaira",4,"Eugenio Palma",0.1,2,2,2,0,1,0,4,4.38,0,0,0,0,0,"Estadio Jose Bernardo Perez","Navegantes del Magallanes","regular"
409,"guzemi001","2021-22","05/12/2022",36,"Tiburones de la Guaira",5,"Emilker Guzman",0.2,2,2,0,0,0,0,6,3.38,0,0,0,0,0,"Estadio Jose Bernardo Perez","Navegantes del Magallanes","regular"
410,"ramedu001","2021-22","05/12/2022",36,"Tiburones de la Guaira",6,"Edubray Ramos",0.2,0,0,0,0,0,0,2,8.59,0,0,0,0,0,"Estadio Jose Bernardo Perez","Navegantes del Magallanes","regular"
417,,"2021-22","07/12/2022",37,"Leones del Caracas",1,"Jhonathan Diaz",4.1,5,2,2,0,2,1,18,8.44,0,0,0,0,0,"Estadio Universitario","Tiburones de la Guaira","regular"
418,,"2021-22","07/12/2022",37,"Leones del Caracas",2,"Andres E. Perez",0.2,1,0,0,0,1,0,3,8.74,0,0,0,0,0,"Estadio Universitario","Tiburones de la Guaira","regular"
419,,"2021-22","07/12/2022",37,"Leones del Caracas",3,"Felix Carvallo ",1,0,0,0,0,0,2,3,5,1,0,0,0,0,"Estadio Universitario","Tiburones de la Guaira","regular"
420,,"2021-22","07/12/2022",37,"Leones del Caracas",4,"Ricardo Rodríguez ",1,1,0,0,0,1,1,5,6,0,0,0,0,1,"Estadio Universitario","Tiburones de la Guaira","regular"
421,,"2021-22","07/12/2022",37,"Leones del Caracas",5,"Eduardo Paredes ",1,0,0,0,0,1,2,4,3.5,0,0,0,0,1,"Estadio Universitario","Tiburones de la Guaira","regular"
422,,"2021-22","07/12/2022",37,"Leones del Caracas",6,"Jesus Zambrano ",1,2,1,1,0,0,0,5,2.08,0,0,1,0,0,"Estadio Universitario","Tiburones de la Guaira","regular"
423,"diavic001","2021-22","07/12/2022",37,"Tiburones de la Guaira",1,"Victor Diaz ",3,6,3,3,0,3,2,16,6.93,0,1,0,0,0,"Estadio Universitario","Leones del Caracas","regular"
424,"smimyl001","2021-22","07/12/2022",37,"Tiburones de la Guaira",2,"Myles Smith",2,3,0,0,0,1,1,8,5.95,0,0,0,0,0,"Estadio Universitario","Leones del Caracas","regular"
425,"herarn001","2021-22","07/12/2022",37,"Tiburones de la Guaira",3,"Arnaldo Hernandez",1,0,0,0,0,1,2,4,7.07,0,0,0,0,0,"Estadio Universitario","Leones del Caracas","regular"
426,"halkyl001","2021-22","07/12/2022",37,"Tiburones de la Guaira",4,"Kyle Halbohn",1,1,0,0,0,0,0,5,0,0,0,0,0,0,"Estadio Universitario","Leones del Caracas","regular"
427,"covraf001","2021-22","07/12/2022",37,"Tiburones de la Guaira",5,"Rafael Cova",1,1,0,0,0,2,1,6,4.66,0,0,0,0,0,"Estadio Universitario","Leones del Caracas","regular"
428,"infgre001","2021-22","07/12/2022",37,"Tiburones de la Guaira",6,"Gregory Infante",1,2,2,2,1,1,1,6,8.36,0,0,0,0,0,"Estadio Universitario","Leones del Caracas","regular"
434,,"2021-22","09/12/2022",38,"Navegantes del Magallanes",1,"Jorge Martinez",3,4,4,4,2,1,2,13,7.36,0,0,0,0,0,"Estadio Jose Bernardo Perez","Tiburones de la Guaira","regular"
435,,"2021-22","09/12/2022",38,"Navegantes del Magallanes",2,"Wikelman Ramirez",0.1,1,3,3,0,2,0,4,7.94,0,0,0,0,0,"Estadio Jose Bernardo Perez","Tiburones de la Guaira","regular"
436,,"2021-22","09/12/2022",38,"Navegantes del Magallanes",3,"Ivan Andueza ",0.1,0,0,0,0,2,0,3,7.36,0,0,0,1,0,"Estadio Jose Bernardo Perez","Tiburones de la Guaira","regular"
437,,"2021-22","09/12/2022",38,"Navegantes del Magallanes",4,"Luis Martinez ",1.1,0,0,0,0,2,1,6,4.58,1,0,0,0,0,"Estadio Jose Bernardo Perez","Tiburones de la Guaira","regular"
438,,"2021-22","09/12/2022",38,"Navegantes del Magallanes",5,"Gabriel Moya ",0.2,1,0,0,0,0,1,3,11.88,0,0,0,0,1,"Estadio Jose Bernardo Perez","Tiburones de la Guaira","regular"
439,,"2021-22","09/12/2022",38,"Navegantes del Magallanes",6,"Jorge Rondon ",0.1,0,0,0,0,1,0,2,7.8,0,0,0,0,1,"Estadio Jose Bernardo Perez","Tiburones de la Guaira","regular"
440,,"2021-22","09/12/2022",38,"Navegantes del Magallanes",7,"Anthony Vizcaya",1,1,0,0,0,0,2,4,2.16,0,0,0,0,0,"Estadio Jose Bernardo Perez","Tiburones de la Guaira","regular"
441,,"2021-22","09/12/2022",38,"Navegantes del Magallanes",8,"Enderson Franco",2,0,0,0,0,0,1,6,0,0,0,0,0,0,"Estadio Jose Bernardo Perez","Tiburones de la Guaira","regular"
429,"guejun001","2021-22","09/12/2022",38,"Tiburones de la Guaira",1,"Junior Guerra ",4.1,14,10,10,3,0,2,26,4.68,0,1,0,0,0,"Estadio Jose Bernardo Perez","Navegantes del Magallanes","regular"
430,"florya001","2021-22","09/12/2022",38,"Tiburones de la Guaira",2,"Ryan Flores",1.1,1,1,1,0,1,2,6,5.7,0,0,0,0,0,"Estadio Jose Bernardo Perez","Navegantes del Magallanes","regular"
431,"guzlui001","2021-22","09/12/2022",38,"Tiburones de la Guaira",3,"Luis Guzman",0.1,0,0,0,0,1,0,2,4.63,0,0,0,0,0,"Estadio Jose Bernardo Perez","Navegantes del Magallanes","regular"
432,"halkyl001","2021-22","09/12/2022",38,"Tiburones de la Guaira",4,"Kyle Halbohn",1,1,0,0,0,0,0,4,0,0,0,0,0,0,"Estadio Jose Bernardo Perez","Navegantes del Magallanes","regular"
433,"pinjul001","2021-22","09/12/2022",38,"Tiburones de la Guaira",5,"Julio Pinto",1,1,0,0,0,0,1,4,6.39,0,0,0,0,0,"Estadio Jose Bernardo Perez","Navegantes del Magallanes","regular"
447,,"2021-22","10/12/2022",39,"Leones del Caracas",1,"José Mujica",6,8,3,3,1,0,4,25,4.5,0,0,0,0,0,"Estadio Jose Bernardo Perez","Tiburones de la Guaira","regular"
448,,"2021-22","10/12/2022",39,"Leones del Caracas",2,"Loiger Padron ",2,1,1,1,1,1,0,8,9.92,1,0,0,0,0,"Estadio Jose Bernardo Perez","Tiburones de la Guaira","regular"
449,,"2021-22","10/12/2022",39,"Leones del Caracas",3,"Jesus Zambrano",1,1,0,0,0,0,0,4,1.9,0,0,0,0,0,"Estadio Jose Bernardo Perez","Tiburones de la Guaira","regular"
442,"cavjor001","2021-22","10/12/2022",39,"Tiburones de la Guaira",1,"Jorgan Cavanerio",6,8,2,2,0,0,3,25,3.75,0,0,0,0,0,"Estadio Jose Bernardo Perez","Navegantes del Magallanes","regular"
443,"halkyl001","2021-22","10/12/2022",39,"Tiburones de la Guaira",2,"Kyle Halbohn ",1,1,0,0,0,0,0,4,0,0,0,0,0,1,"Estadio Jose Bernardo Perez","Navegantes del Magallanes","regular"
444,"covraf001","2021-22","10/12/2022",39,"Tiburones de la Guaira",3,"Rafael Cova ",0.1,4,5,5,0,1,0,6,9,0,1,0,0,0,"Estadio Jose Bernardo Perez","Navegantes del Magallanes","regular"
445,"infgre001","2021-22","10/12/2022",39,"Tiburones de la Guaira",4,"Gregory Infante",0,1,1,1,0,2,0,3,9,0,0,0,0,0,"Estadio Jose Bernardo Perez","Navegantes del Magallanes","regular"
446,"jimedu001","2021-22","10/12/2022",39,"Tiburones de la Guaira",5,"Eduardo Jiménez",0.2,0,0,0,0,0,0,2,6.97,0,0,0,0,0,"Estadio Jose Bernardo Perez","Navegantes del Magallanes","regular"
450,"herarn001","2021-22","11/12/2022",40,"Tiburones de la Guaira",1,"Arnaldo Hernandez",3.2,3,2,2,0,0,4,15,6.62,0,0,0,0,0,"Estadio Jose Perez Colmenares","Tigres de Aragua","regular"
451,"idreud001","2021-22","11/12/2022",40,"Tiburones de la Guaira",2,"Eudis Idrogo",0.1,1,0,0,0,0,0,2,9.82,0,0,0,0,0,"Estadio Jose Perez Colmenares","Tigres de Aragua","regular"
452,"guzemi001","2021-22","11/12/2022",40,"Tiburones de la Guaira",3,"Emilker Guzman",1,0,0,0,0,0,2,3,3,0,0,0,0,0,"Estadio Jose Perez Colmenares","Tigres de Aragua","regular"
453,"paleug001","2021-22","11/12/2022",40,"Tiburones de la Guaira",4,"Eugenio Palma",1.1,1,1,1,1,0,1,5,4.61,0,0,0,0,0,"Estadio Jose Perez Colmenares","Tigres de Aragua","regular"
454,"beljoh001","2021-22","11/12/2022",40,"Tiburones de la Guaira",5,"Johan Belisario",0.2,0,0,0,0,0,0,2,2.7,0,0,0,0,0,"Estadio Jose Perez Colmenares","Tigres de Aragua","regular"
455,"ramedu001","2021-22","11/12/2022",40,"Tiburones de la Guaira",6,"Edubray Ramos ",1,1,0,0,0,0,0,4,7.56,1,0,0,0,0,"Estadio Jose Perez Colmenares","Tigres de Aragua","regular"
456,"halkyl001","2021-22","11/12/2022",40,"Tiburones de la Guaira",7,"Kyle Halbohn ",1,2,1,1,0,0,0,5,2.25,0,0,1,0,0,"Estadio Jose Perez Colmenares","Tigres de Aragua","regular"
457,,"2021-22","11/12/2022",40,"Tigres de Aragua",1,"Osmer Morales",5,5,0,0,0,1,2,21,7.66,0,0,0,0,0,"Estadio Jose Perez Colmenares","Tiburones de la Guaira","regular"
458,,"2021-22","11/12/2022",40,"Tigres de Aragua",2,"Eduardo Figueroa ",1,0,0,0,0,0,1,3,5.59,0,0,0,0,1,"Estadio Jose Perez Colmenares","Tiburones de la Guaira","regular"
459,,"2021-22","11/12/2022",40,"Tigres de Aragua",3,"Leonel Campos ",0.2,2,1,0,0,0,0,5,3.86,0,0,0,0,1,"Estadio Jose Perez Colmenares","Tiburones de la Guaira","regular"
460,,"2021-22","11/12/2022",40,"Tigres de Aragua",4,"Ronald Belisario ",1.1,0,0,0,0,1,1,5,5.74,0,0,0,0,1,"Estadio Jose Perez Colmenares","Tiburones de la Guaira","regular"
461,,"2021-22","11/12/2022",40,"Tigres de Aragua",5,"Henry Alberto Rodriguez ",0.2,2,3,3,0,0,0,5,2.7,0,1,0,0,0,"Estadio Jose Perez Colmenares","Tiburones de la Guaira","regular"
462,,"2021-22","11/12/2022",40,"Tigres de Aragua",6,"Francisco Carrillo ",0.1,1,2,2,1,1,1,3,3.54,0,0,0,1,0,"Estadio Jose Perez Colmenares","Tiburones de la Guaira","regular"
463,,"2021-22","12/12/2022",41,"Navegantes del Magallanes",1,"Luis Alfredo Ramirez",3,0,0,0,0,4,1,11,6,0,0,0,0,0,"Estadio Universitario","Tiburones de la Guaira","regular"
464,,"2021-22","12/12/2022",41,"Navegantes del Magallanes",2,"Luis Martinez ",3,3,1,1,1,1,5,14,4.37,1,0,0,0,0,"Estadio Universitario","Tiburones de la Guaira","regular"
465,,"2021-22","12/12/2022",41,"Navegantes del Magallanes",3,"Jose Martinez",1,1,0,0,0,2,0,6,6.91,0,0,0,0,0,"Estadio Universitario","Tiburones de la Guaira","regular"
466,,"2021-22","12/12/2022",41,"Navegantes del Magallanes",4,"Carlos Valero",1,0,0,0,0,1,0,3,4.15,0,0,0,0,0,"Estadio Universitario","Tiburones de la Guaira","regular"
467,,"2021-22","12/12/2022",41,"Navegantes del Magallanes",5,"Luis Rico",1,2,1,1,1,0,1,5,4.7,0,0,0,0,0,"Estadio Universitario","Tiburones de la Guaira","regular"
468,"smimyl001","2021-22","12/12/2022",41,"Tiburones de la Guaira",1,"Myles Smith ",0.2,2,3,3,1,3,1,7,7.08,0,1,0,0,0,"Estadio Universitario","Navegantes del Magallanes","regular"
469,"herjas001","2021-22","12/12/2022",41,"Tiburones de la Guaira",2,"Jasier Herrera",3.1,2,0,0,0,0,6,13,0,0,0,0,0,0,"Estadio Universitario","Navegantes del Magallanes","regular"
470,"pinjul001","2021-22","12/12/2022",41,"Tiburones de la Guaira",3,"Julio Pinto",2,2,1,1,0,1,2,9,6.14,0,0,0,0,0,"Estadio Universitario","Navegantes del Magallanes","regular"
471,"jimedu001","2021-22","12/12/2022",41,"Tiburones de la Guaira",4,"Eduardo Jiménez",0.2,3,4,4,0,2,0,7,9.82,0,0,0,0,0,"Estadio Universitario","Navegantes del Magallanes","regular"
472,"guzemi001","2021-22","12/12/2022",41,"Tiburones de la Guaira",5,"Emilker Guzman",0.1,0,0,0,0,1,0,2,2.89,0,0,0,0,0,"Estadio Universitario","Navegantes del Magallanes","regular"
473,"covraf001","2021-22","12/12/2022",41,"Tiburones de la Guaira",6,"Rafael Cova",1,2,1,1,0,0,1,6,9,0,0,0,0,0,"Estadio Universitario","Navegantes del Magallanes","regular"
474,"infgre001","2021-22","12/12/2022",41,"Tiburones de la Guaira",7,"Gregory Infante",1,1,0,0,0,0,0,4,8.4,0,0,0,0,0,"Estadio Universitario","Navegantes del Magallanes","regular"
478,,"2021-22","12/12/2022",42,"Bravos de Margarita",1,"Pedro Avila ",6,3,2,2,0,1,4,22,3,1,0,0,0,0,"Estadio Forum de La Guaira","Tiburones de la Guaira","regular"
479,,"2021-22","12/12/2022",42,"Bravos de Margarita",2,"Melvi Acosta ",1,1,0,0,0,0,1,4,6.55,0,0,0,0,1,"Estadio Forum de La Guaira","Tiburones de la Guaira","regular"
480,,"2021-22","12/12/2022",42,"Bravos de Margarita",3,"José Mesa Jr.",1,0,0,0,0,2,1,5,3,0,0,0,0,0,"Estadio Forum de La Guaira","Tiburones de la Guaira","regular"
481,,"2021-22","12/12/2022",42,"Bravos de Margarita",4,"Ezequiel Zabaleta",1,0,0,0,0,0,1,3,3.86,0,0,0,0,0,"Estadio Forum de La Guaira","Tiburones de la Guaira","regular"
475,"guejun001","2021-22","12/12/2022",42,"Tiburones de la Guaira",1,"Junior Guerra ",6.1,8,6,6,1,2,6,27,5.18,0,1,0,0,0,"Estadio Forum de La Guaira","Bravos de Margarita","regular"
476,"beljoh001","2021-22","12/12/2022",42,"Tiburones de la Guaira",2,"Johan Belisario",0.2,0,0,0,0,0,0,2,2.53,0,0,0,0,0,"Estadio Forum de La Guaira","Bravos de Margarita","regular"
477,"ramedu001","2021-22","12/12/2022",42,"Tiburones de la Guaira",3,"Edubray Ramos",1,3,2,2,0,1,1,7,8.68,0,0,0,0,0,"Estadio Forum de La Guaira","Bravos de Margarita","regular"
482,,"2021-22","15/12/2022",43,"Leones del Caracas",1,"Yoimer Camacho ",5.2,7,1,1,0,0,2,23,3.23,1,0,0,0,0,"Estadio Universitario","Tiburones de la Guaira","regular"
483,,"2021-22","15/12/2022",43,"Leones del Caracas",2,"Gerson Garabito ",1.1,2,1,1,0,0,0,6,3.86,0,0,0,0,1,"Estadio Universitario","Tiburones de la Guaira","regular"
484,,"2021-22","15/12/2022",43,"Leones del Caracas",3,"Ricardo Rodríguez ",1,1,0,0,0,0,0,3,4.35,0,0,0,0,1,"Estadio Universitario","Tiburones de la Guaira","regular"
485,,"2021-22","15/12/2022",43,"Leones del Caracas",4,"Jesus Zambrano ",1,1,0,0,0,0,1,3,1.75,0,0,1,0,0,"Estadio Universitario","Tiburones de la Guaira","regular"
486,"cavjor001","2021-22","15/12/2022",43,"Tiburones de la Guaira",1,"Jorgan Cavanerio ",4.1,8,4,4,1,0,4,21,4.13,0,1,0,0,0,"Estadio Universitario","Leones del Caracas","regular"
487,"pinjul001","2021-22","15/12/2022",43,"Tiburones de la Guaira",2,"Julio Pinto",1.2,0,0,0,0,1,3,5,5.51,0,0,0,0,0,"Estadio Universitario","Leones del Caracas","regular"
488,"covraf001","2021-22","15/12/2022",43,"Tiburones de la Guaira",3,"Rafael Cova",1,0,0,0,0,0,0,3,8.25,0,0,0,0,0,"Estadio Universitario","Leones del Caracas","regular"
489,"infgre001","2021-22","15/12/2022",43,"Tiburones de la Guaira",4,"Gregory Infante",1,0,0,0,0,0,0,3,7.88,0,0,0,0,0,"Estadio Universitario","Leones del Caracas","regular"
490,"halkyl001","2021-22","15/12/2022",43,"Tiburones de la Guaira",5,"Kyle Halbohn",1,0,0,0,0,0,1,3,1.8,0,0,0,0,0,"Estadio Universitario","Leones del Caracas","regular"
499,,"2021-22","16/12/2022",44,"Cardenales de Lara",1,"Alejandro Requena",4,2,1,0,0,0,3,15,4.5,0,0,0,0,0,"Estadio Universitario","Tiburones de la Guaira","regular"
500,,"2021-22","16/12/2022",44,"Cardenales de Lara",2,"Pedro Garcia ",1,0,0,0,0,0,2,4,1.98,1,0,0,0,0,"Estadio Universitario","Tiburones de la Guaira","regular"
501,,"2021-22","16/12/2022",44,"Cardenales de Lara",3,"Fabian Blanco ",1,0,0,0,0,0,0,2,2.04,0,0,0,0,1,"Estadio Universitario","Tiburones de la Guaira","regular"
502,,"2021-22","16/12/2022",44,"Cardenales de Lara",4,"Jean Machi ",1,0,0,0,0,0,0,3,3.94,0,0,0,0,1,"Estadio Universitario","Tiburones de la Guaira","regular"
503,,"2021-22","16/12/2022",44,"Cardenales de Lara",5,"Yapson Gomez",1,0,0,0,0,0,1,3,2.29,0,0,0,0,0,"Estadio Universitario","Tiburones de la Guaira","regular"
504,,"2021-22","16/12/2022",44,"Cardenales de Lara",6,"Diego Moreno",1,0,0,0,0,1,0,4,0,0,0,0,0,0,"Estadio Universitario","Tiburones de la Guaira","regular"
491,"herarn001","2021-22","16/12/2022",44,"Tiburones de la Guaira",1,"Arnaldo Hernandez ",3,7,2,2,0,2,2,16,6.53,0,1,0,0,0,"Estadio Universitario","Cardenales de Lara","regular"
492,"guzemi001","2021-22","16/12/2022",44,"Tiburones de la Guaira",2,"Emilker Guzman",1,0,1,0,0,2,0,6,2.61,0,0,0,0,0,"Estadio Universitario","Cardenales de Lara","regular"
493,"beljoh001","2021-22","16/12/2022",44,"Tiburones de la Guaira",3,"Johan Belisario",1,0,0,0,0,0,0,2,2.31,0,0,0,0,0,"Estadio Universitario","Cardenales de Lara","regular"
494,"hernel001","2021-22","16/12/2022",44,"Tiburones de la Guaira",4,"Nelson Hernandez",1,0,0,0,0,0,0,3,5.06,0,0,0,0,0,"Estadio Universitario","Cardenales de Lara","regular"
495,"guzlui001","2021-22","16/12/2022",44,"Tiburones de la Guaira",5,"Luis Guzman",0.1,2,2,2,1,0,0,3,6,0,0,0,0,0,"Estadio Universitario","Cardenales de Lara","regular"
496,"jimedu001","2021-22","16/12/2022",44,"Tiburones de la Guaira",6,"Eduardo Jiménez",0.2,1,0,0,0,1,0,4,9.26,0,0,0,0,0,"Estadio Universitario","Cardenales de Lara","regular"
497,"covraf001","2021-22","16/12/2022",44,"Tiburones de la Guaira",7,"Rafael Cova",0.2,3,1,1,0,0,1,5,8.53,0,0,0,0,0,"Estadio Universitario","Cardenales de Lara","regular"
498,"ramedu001","2021-22","16/12/2022",44,"Tiburones de la Guaira",8,"Edubray Ramos",0.1,0,0,0,0,0,0,1,8.38,0,0,0,0,0,"Estadio Universitario","Cardenales de Lara","regular"
510,,"2021-22","17/12/2022",45,"Cardenales de Lara",1,"Nestor Molina ",7.1,8,3,1,0,1,6,30,5.4,0,1,0,0,0,"Estadio Antonio Herrera Gutierrez","Tiburones de la Guaira","regular"
511,,"2021-22","17/12/2022",45,"Cardenales de Lara",2,"Diego Moreno",0.2,0,0,0,0,1,1,3,0,0,0,0,0,0,"Estadio Antonio Herrera Gutierrez","Tiburones de la Guaira","regular"
512,,"2021-22","17/12/2022",45,"Cardenales de Lara",3,"Luís Madero",1,1,0,0,0,0,1,4,3.31,0,0,0,0,0,"Estadio Antonio Herrera Gutierrez","Tiburones de la Guaira","regular"
505,"herjas001","2021-22","17/12/2022",45,"Tiburones de la Guaira",1,"Jasier Herrera ",5,6,1,1,1,1,6,22,1.08,1,0,0,0,0,"Estadio Antonio Herrera Gutierrez","Cardenales de Lara","regular"
506,"smimyl001","2021-22","17/12/2022",45,"Tiburones de la Guaira",2,"Myles Smith ",1,3,0,0,0,0,0,5,6.75,0,0,0,0,1,"Estadio Antonio Herrera Gutierrez","Cardenales de Lara","regular"
507,"paleug001","2021-22","17/12/2022",45,"Tiburones de la Guaira",3,"Eugenio Palma ",1,0,0,0,0,0,0,3,4.3,0,0,0,0,1,"Estadio Antonio Herrera Gutierrez","Cardenales de Lara","regular"
508,"beljoh001","2021-22","17/12/2022",45,"Tiburones de la Guaira",4,"Johan Belisario ",1,1,0,0,0,1,0,4,2.13,0,0,0,0,1,"Estadio Antonio Herrera Gutierrez","Cardenales de Lara","regular"
509,"guejun001","2021-22","17/12/2022",45,"Tiburones de la Guaira",5,"Junior Guerra ",1,2,1,1,0,0,0,5,5.26,0,0,1,0,0,"Estadio Antonio Herrera Gutierrez","Cardenales de Lara","regular"
513,,"2021-22","18/12/2022",46,"Bravos de Margarita",1,"Dedgar Jimenez",2.1,3,1,1,0,0,0,11,13.5,0,0,0,0,0,"Estadio Forum de La Guaira","Tiburones de la Guaira","regular"
514,,"2021-22","18/12/2022",46,"Bravos de Margarita",2,"Julio Vivas ",1.2,2,0,0,0,1,2,8,3.63,1,0,0,0,0,"Estadio Forum de La Guaira","Tiburones de la Guaira","regular"
515,,"2021-22","18/12/2022",46,"Bravos de Margarita",3,"Yender Cáramo",1.2,3,2,0,0,0,3,9,5.06,0,0,0,0,0,"Estadio Forum de La Guaira","Tiburones de la Guaira","regular"
516,,"2021-22","18/12/2022",46,"Bravos de Margarita",4,"Angel Leon",0.1,1,0,0,0,0,1,2,3.95,0,0,0,0,0,"Estadio Forum de La Guaira","Tiburones de la Guaira","regular"
517,,"2021-22","18/12/2022",46,"Bravos de Margarita",5,"Anthony Molina",1,3,2,2,0,1,0,6,5.4,0,0,0,0,0,"Estadio Forum de La Guaira","Tiburones de la Guaira","regular"
518,,"2021-22","18/12/2022",46,"Bravos de Margarita",6,"José Mesa Jr. ",1,0,0,0,0,0,3,3,2.25,0,0,0,0,1,"Estadio Forum de La Guaira","Tiburones de la Guaira","regular"
519,,"2021-22","18/12/2022",46,"Bravos de Margarita",7,"Ezequiel Zabaleta ",1,0,0,0,0,0,0,3,3.38,0,0,1,0,0,"Estadio Forum de La Guaira","Tiburones de la Guaira","regular"
520,"hernel001","2021-22","18/12/2022",46,"Tiburones de la Guaira",1,"Nelson Hernandez",0.1,2,1,1,0,2,0,5,5.73,0,0,0,0,0,"Estadio Forum de La Guaira","Bravos de Margarita","regular"
521,"pinjul001","2021-22","18/12/2022",46,"Tiburones de la Guaira",2,"Julio Pinto ",2,1,3,3,0,3,0,9,6.38,0,1,0,0,0,"Estadio Forum de La Guaira","Bravos de Margarita","regular"
522,"infgre001","2021-22","18/12/2022",46,"Tiburones de la Guaira",3,"Gregory Infante",2.1,4,1,1,1,0,3,11,7.36,0,0,0,0,0,"Estadio Forum de La Guaira","Bravos de Margarita","regular"
523,"guzemi001","2021-22","18/12/2022",46,"Tiburones de la Guaira",4,"Emilker Guzman",0.2,1,2,2,0,3,0,5,4.09,0,0,0,0,0,"Estadio Forum de La Guaira","Bravos de Margarita","regular"
524,"ramedu001","2021-22","18/12/2022",46,"Tiburones de la Guaira",5,"Edubray Ramos",1.1,0,0,0,0,0,1,4,7.36,0,0,0,0,0,"Estadio Forum de La Guaira","Bravos de Margarita","regular"
525,"guzlui001","2021-22","18/12/2022",46,"Tiburones de la Guaira",6,"Luis Guzman",0.1,1,0,0,0,1,0,3,5.84,0,0,0,0,0,"Estadio Forum de La Guaira","Bravos de Margarita","regular"
526,"jimedu001","2021-22","18/12/2022",46,"Tiburones de la Guaira",7,"Eduardo Jiménez",1,0,0,0,0,1,1,4,8.53,0,0,0,0,0,"Estadio Forum de La Guaira","Bravos de Margarita","regular"
527,"halkyl001","2021-22","18/12/2022",46,"Tiburones de la Guaira",8,"Kyle Halbohn",1,0,0,0,0,0,0,4,1.5,0,0,0,0,0,"Estadio Forum de La Guaira","Bravos de Margarita","regular"
528,,"2021-22","19/12/2022",47,"Caribes de Anzoategui",1,"Jheyson Manzueta",3,6,3,3,0,2,0,15,6.5,0,0,0,0,0,"Estadio Universitario","Tiburones de la Guaira","regular"
529,,"2021-22","19/12/2022",47,"Caribes de Anzoategui",2,"Jean Toledo",1,0,0,0,0,0,0,2,3.38,0,0,0,0,0,"Estadio Universitario","Tiburones de la Guaira","regular"
530,,"2021-22","19/12/2022",47,"Caribes de Anzoategui",3,"Ivan Medina ",1,1,0,0,0,0,1,3,9.49,1,0,0,0,0,"Estadio Universitario","Tiburones de la Guaira","regular"
531,,"2021-22","19/12/2022",47,"Caribes de Anzoategui",4,"José Domínguez",2,3,3,3,0,0,2,9,6,0,0,0,0,0,"Estadio Universitario","Tiburones de la Guaira","regular"
532,,"2021-22","19/12/2022",47,"Caribes de Anzoategui",5,"Lester Oliveros",0.2,2,2,1,0,0,1,5,4.6,0,0,0,0,0,"Estadio Universitario","Tiburones de la Guaira","regular"
533,,"2021-22","19/12/2022",47,"Caribes de Anzoategui",6,"Andres Sotillet ",1.1,0,0,0,0,1,0,4,1.46,0,0,1,0,0,"Estadio Universitario","Tiburones de la Guaira","regular"
534,"idreud001","2021-22","19/12/2022",47,"Tiburones de la Guaira",1,"Eudis Idrogo",3,4,3,3,0,0,2,13,9.7,0,0,0,0,0,"Estadio Universitario","Caribes de Anzoategui","regular"
535,"smimyl001","2021-22","19/12/2022",47,"Tiburones de la Guaira",2,"Myles Smith ",2,2,3,3,0,1,0,9,7.33,0,1,0,0,0,"Estadio Universitario","Caribes de Anzoategui","regular"
536,"paleug001","2021-22","19/12/2022",47,"Tiburones de la Guaira",3,"Eugenio Palma",0.2,1,2,2,1,1,0,4,5.28,0,0,0,0,0,"Estadio Universitario","Caribes de Anzoategui","regular"
537,"covraf001","2021-22","19/12/2022",47,"Tiburones de la Guaira",4,"Rafael Cova",0.1,1,1,1,1,0,0,2,9,0,0,0,0,0,"Estadio Universitario","Caribes de Anzoategui","regular"
538,"hernel001","2021-22","19/12/2022",47,"Tiburones de la Guaira",5,"Nelson Hernandez",1.2,2,1,1,0,0,1,7,5.68,0,0,0,0,0,"Estadio Universitario","Caribes de Anzoategui","regular"
539,"beljoh001","2021-22","19/12/2022",47,"Tiburones de la Guaira",6,"Johan Belisario",1.1,1,0,0,0,0,0,5,1.93,0,0,0,0,0,"Estadio Universitario","Caribes de Anzoategui","regular"
546,,"2021-22","21/12/2022",48,"Bravos de Margarita",1,"Yohan Pino",2.1,5,4,4,0,3,1,15,6.16,0,0,0,0,0,"Estadio Forum de La Guaira","Tiburones de la Guaira","regular"
547,,"2021-22","21/12/2022",48,"Bravos de Margarita",2,"Yender Cáramo ",2.2,2,0,0,0,0,3,9,4.5,1,0,0,0,0,"Estadio Forum de La Guaira","Tiburones de la Guaira","regular"
548,,"2021-22","21/12/2022",48,"Bravos de Margarita",3,"Alfred Gutierrez",2,1,0,0,0,0,2,6,1.59,0,0,0,0,0,"Estadio Forum de La Guaira","Tiburones de la Guaira","regular"
549,,"2021-22","21/12/2022",48,"Bravos de Margarita",4,"Melvi Acosta",1,1,0,0,0,1,0,5,6.23,0,0,0,0,0,"Estadio Forum de La Guaira","Tiburones de la Guaira","regular"
550,,"2021-22","21/12/2022",48,"Bravos de Margarita",5,"Ezequiel Zabaleta",1,1,0,0,0,0,1,4,3,0,0,0,0,0,"Estadio Forum de La Guaira","Tiburones de la Guaira","regular"
540,"davdav001","2021-22","21/12/2022",48,"Tiburones de la Guaira",1,"David Davalillo ",1.1,2,5,2,0,2,1,11,13.5,0,1,0,0,0,"Estadio Forum de La Guaira","Bravos de Margarita","regular"
541,"infgre001","2021-22","21/12/2022",48,"Tiburones de la Guaira",2,"Gregory Infante",0.2,3,1,1,0,0,0,5,7.58,0,0,0,0,0,"Estadio Forum de La Guaira","Bravos de Margarita","regular"
542,"jimedu001","2021-22","21/12/2022",48,"Tiburones de la Guaira",3,"Eduardo Jiménez",0.2,1,2,2,0,2,0,5,9.45,0,0,0,0,0,"Estadio Forum de La Guaira","Bravos de Margarita","regular"
543,"cavjor001","2021-22","21/12/2022",48,"Tiburones de la Guaira",4,"Jorgan Cavanerio",1.2,2,2,2,1,1,1,7,4.33,0,0,0,0,0,"Estadio Forum de La Guaira","Bravos de Margarita","regular"
544,"guejun001","2021-22","21/12/2022",48,"Tiburones de la Guaira",5,"Junior Guerra",2.2,1,0,0,0,1,2,10,4.99,0,0,0,0,0,"Estadio Forum de La Guaira","Bravos de Margarita","regular"
545,"ramedu001","2021-22","21/12/2022",48,"Tiburones de la Guaira",6,"Edubray Ramos",1,1,1,1,0,0,1,5,7.5,0,0,0,0,0,"Estadio Forum de La Guaira","Bravos de Margarita","regular"
551,,"2021-22","22/12/2022",49,"Bravos de Margarita",1,"Henry Centeno ",6,7,2,2,1,0,2,23,4.31,1,0,0,0,0,"Estadio Forum de La Guaira","Tiburones de la Guaira","regular"
552,,"2021-22","22/12/2022",49,"Bravos de Margarita",2,"José Mesa Jr.",2,2,0,0,0,0,1,8,6,0,0,0,0,0,"Estadio Forum de La Guaira","Tiburones de la Guaira","regular"
553,,"2021-22","22/12/2022",49,"Bravos de Margarita",3,"Ivan Hernandez",1,1,0,0,0,0,0,4,5.4,0,0,0,0,0,"Estadio Forum de La Guaira","Tiburones de la Guaira","regular"
554,"garkev001","2021-22","22/12/2022",49,"Tiburones de la Guaira",1,"Kevin Garcia ",1,1,3,3,1,4,0,8,16.2,0,1,0,0,0,"Estadio Forum de La Guaira","Bravos de Margarita","regular"
555,"smimyl001","2021-22","22/12/2022",49,"Tiburones de la Guaira",2,"Myles Smith",0.1,1,2,2,0,2,0,4,7.99,0,0,0,0,0,"Estadio Forum de La Guaira","Bravos de Margarita","regular"
556,"beljoh001","2021-22","22/12/2022",49,"Tiburones de la Guaira",3,"Johan Belisario",1.2,1,0,0,0,0,0,6,1.72,0,0,0,0,0,"Estadio Forum de La Guaira","Bravos de Margarita","regular"
557,"lezang001","2021-22","22/12/2022",49,"Tiburones de la Guaira",4,"Angel Lezama",1,0,0,0,0,0,1,3,10.8,0,0,0,0,0,"Estadio Forum de La Guaira","Bravos de Margarita","regular"
558,"suncar001","2021-22","22/12/2022",49,"Tiburones de la Guaira",5,"Carlos Suniaga",1,0,0,0,0,1,0,4,3.38,0,0,0,0,0,"Estadio Forum de La Guaira","Bravos de Margarita","regular"
559,"mayhec001","2021-22","22/12/2022",49,"Tiburones de la Guaira",6,"Hector Mayora",1,0,0,0,0,0,1,3,7.2,0,0,0,0,0,"Estadio Forum de La Guaira","Bravos de Margarita","regular"
560,"herarn001","2021-22","22/12/2022",49,"Tiburones de la Guaira",7,"Arnaldo Hernandez",1,1,1,1,0,0,0,4,6.65,0,0,0,0,0,"Estadio Forum de La Guaira","Bravos de Margarita","regular"
561,"pinjul001","2021-22","22/12/2022",49,"Tiburones de la Guaira",8,"Julio Pinto",0,2,3,1,0,0,0,4,6.87,0,0,0,0,0,"Estadio Forum de La Guaira","Bravos de Margarita","regular"
562,"paleug001","2021-22","22/12/2022",49,"Tiburones de la Guaira",9,"Eugenio Palma",1,0,0,0,0,0,0,3,4.96,0,0,0,0,0,"Estadio Forum de La Guaira","Bravos de Margarita","regular"
563,"halkyl001","2021-22","22/12/2022",49,"Tiburones de la Guaira",10,"Kyle Halbohn",0,5,3,3,0,0,0,5,6,0,0,0,0,0,"Estadio Forum de La Guaira","Bravos de Margarita","regular"
564,"herjas001","2021-22","22/12/2022",49,"Tiburones de la Guaira",11,"Jasier Herrera",1,0,0,0,0,0,3,3,0.96,0,0,0,0,0,"Estadio Forum de La Guaira","Bravos de Margarita","regular"
